-- AdHubKenya Mass Metadata Seed SQL

INSERT INTO public.categories (id, slug, name, level, order_index, is_active, allow_price, allow_negotiable, allow_location, allow_condition) VALUES 
('d15862f0-30d8-4cfc-bdf0-7b012d65a877', 'phones-tablets', 'Phones & Tablets', 1, 30, true, true, true, true, true),
('82910d44-6270-4988-a3c4-412270ac2603', 'electronics', 'Electronics', 1, 40, true, true, true, true, true),
('a356640f-b620-4e3d-9ad6-92158c57f4bb', 'home-living', 'Home & Living', 1, 50, true, true, true, true, true),
('5b53ad63-a192-4d98-8d93-286c96f7b88c', 'fashion', 'Fashion', 1, 60, true, true, true, true, true),
('7dcde8ee-a53c-4e92-8a41-208afac6ebae', 'beauty', 'Health & Beauty', 1, 70, true, true, true, true, true),
('3aaf5bf7-f222-4787-8f51-65760cceffd4', 'services', 'Services', 1, 80, true, true, true, true, true),
('a378ff09-4478-4dc3-940f-91a29c29c86f', 'repair-construction', 'Repair & Construction', 1, 90, true, true, true, true, true),
('4d785c05-6950-4de5-8bd3-5a609215a992', 'commercial-equipment', 'Commercial Equipment', 1, 100, true, true, true, true, true),
('2f55bdfe-1e7b-4cbb-86fc-7ef229bbd973', 'commercial-vehicles', 'Commercial Vehicles', 1, 110, true, true, true, true, true),
('1bb458cd-9e39-4628-8158-2d3f9f597278', 'leisure', 'Hobbies, Art & Sport', 1, 120, true, true, true, true, true),
('19343812-7c73-4f5d-a269-e55e6011f40a', 'babies-kids', 'Babies & Kids', 1, 130, true, true, true, true, true),
('a8e48f45-8d75-4ebf-86bc-8a5fc13f63b1', 'food-agriculture', 'Agriculture & Food', 1, 140, true, true, true, true, true),
('49d7ccfe-5dfd-4d7a-90bc-d89ad272b128', 'animals-pets', 'Animals & Pets', 1, 150, true, true, true, true, true),
('c6153da0-01ff-4dbf-bff1-2e88244f94ce', 'auto-spares', 'Auto Parts & Accessories', 1, 160, true, true, true, true, true),
('8c79962f-c371-404a-b425-404838e40273', 'jobs', 'Jobs', 1, 170, true, true, true, true, true),
('914bf0ff-6107-4dc1-91b5-99d738b3fd9c', 'seeking-work', 'Seeking Work', 1, 180, true, true, true, true, true)
ON CONFLICT (slug) DO UPDATE SET name = EXCLUDED.name, order_index = EXCLUDED.order_index;

INSERT INTO public.attribute_groups (id, category_id, name, order_index) VALUES 
('e7915bbf-807e-40b1-a12c-d71e56f6172c', (SELECT id FROM public.categories WHERE slug = 'phones-tablets'), 'Device Info', 10),
('b80c0e3b-8ae7-4b4f-8ab6-b61251e09d33', (SELECT id FROM public.categories WHERE slug = 'phones-tablets'), 'Technical Specifications', 20),
('cb629215-30cb-4eb3-b1b5-a3a82aeed2fe', (SELECT id FROM public.categories WHERE slug = 'electronics'), 'Basic Information', 10),
('7000b252-1c98-4bbd-aa5f-ac0a4beec69a', (SELECT id FROM public.categories WHERE slug = 'electronics'), 'Processor (CPU)', 20),
('40384a01-05ee-4b06-958d-4483f5cd88f9', (SELECT id FROM public.categories WHERE slug = 'electronics'), 'Memory (RAM)', 30),
('eb36711f-caab-4393-9777-4c8e944a447d', (SELECT id FROM public.categories WHERE slug = 'electronics'), 'Storage', 40),
('e1eaf2f6-311a-4a33-9263-019f346a6d75', (SELECT id FROM public.categories WHERE slug = 'electronics'), 'Graphics (GPU)', 50),
('8dd6a812-6f23-4c29-b57b-6523b6683127', (SELECT id FROM public.categories WHERE slug = 'electronics'), 'Display', 60),
('4f823098-c11e-4712-b08e-59527bca16ec', (SELECT id FROM public.categories WHERE slug = 'electronics'), 'Camera', 70),
('64d66094-4c76-404e-ba96-883ace2b3c05', (SELECT id FROM public.categories WHERE slug = 'electronics'), 'Battery & Charging', 80),
('78be964d-902c-46a0-9b51-259f94184ab6', (SELECT id FROM public.categories WHERE slug = 'electronics'), 'Form Factor', 90),
('682c5a27-59b7-461e-9f0d-d0a5b4424529', (SELECT id FROM public.categories WHERE slug = 'electronics'), 'Build & Design', 100),
('3f1d89af-f970-4d72-9407-cb7f7baca1da', (SELECT id FROM public.categories WHERE slug = 'electronics'), 'Input Devices', 110),
('1c840ca5-a7b7-46ba-9de0-fc43644d42bd', (SELECT id FROM public.categories WHERE slug = 'electronics'), 'Audio', 120),
('5a7da150-0656-46ec-800b-cebfa3d7ee6f', (SELECT id FROM public.categories WHERE slug = 'electronics'), 'Operating System', 130),
('ea9b7352-3f25-4538-99b7-1f2d57883b78', (SELECT id FROM public.categories WHERE slug = 'electronics'), 'Connectivity', 140),
('09c2ce91-9748-4c30-8367-ce5b7d6ef860', (SELECT id FROM public.categories WHERE slug = 'electronics'), 'Ports', 150),
('a9b7d9a5-c73e-48ea-90e7-67a189f72d0a', (SELECT id FROM public.categories WHERE slug = 'electronics'), 'Security', 160),
('f9904615-c8f5-4339-8497-12287e6e2c31', (SELECT id FROM public.categories WHERE slug = 'electronics'), 'Business Features', 170),
('9ff6dcde-2f3c-456f-b845-db0a7ca85a7e', (SELECT id FROM public.categories WHERE slug = 'electronics'), 'Gaming Features', 180),
('2bea8da8-0f2d-4adb-9f16-689eb5db652e', (SELECT id FROM public.categories WHERE slug = 'electronics'), 'Cooling', 190),
('58ea2233-bab5-4733-a3f2-a7af2b85e70b', (SELECT id FROM public.categories WHERE slug = 'electronics'), 'Condition Details', 200),
('b09c48dc-4963-4992-91ba-d24d5115a91c', (SELECT id FROM public.categories WHERE slug = 'electronics'), 'Included Accessories', 210),
('71416aad-3eb8-4336-9171-09605953fdca', (SELECT id FROM public.categories WHERE slug = 'electronics'), 'Commercial Details', 220),
('807dac86-442d-422f-bb58-6f6e973189b3', (SELECT id FROM public.categories WHERE slug = 'electronics'), 'Seller Details', 230),
('e3d87595-caa1-4a43-9220-da6a63b4bba4', (SELECT id FROM public.categories WHERE slug = 'electronics'), 'Specifications', 240),
('ac3d3a59-d69a-4058-a566-98c77da4eedb', (SELECT id FROM public.categories WHERE slug = 'home-living'), 'Item Classification', 10),
('ddbe685a-45dd-4211-8a8a-7233fea405b4', (SELECT id FROM public.categories WHERE slug = 'home-living'), 'Key Specifications', 20),
('8e99b919-ff3d-4187-9244-a555be2fdace', (SELECT id FROM public.categories WHERE slug = 'home-living'), 'Dimensions & Sizing', 30),
('786fa773-33e5-4f38-b9e2-c1cecda876ae', (SELECT id FROM public.categories WHERE slug = 'home-living'), 'Technical Details', 40),
('3e9f83f3-5366-4ebe-a6ac-7c68515e6e0c', (SELECT id FROM public.categories WHERE slug = 'home-living'), 'Features & Extras', 50),
('723310d8-ab37-486c-9c02-99bb72c48d97', (SELECT id FROM public.categories WHERE slug = 'fashion'), 'Item Details', 10),
('2e74d6a7-9ba7-4398-9aa8-f1d63004b942', (SELECT id FROM public.categories WHERE slug = 'fashion'), 'Specifications', 20),
('a9e494e2-4f6d-45e3-bde9-7941f4357605', (SELECT id FROM public.categories WHERE slug = 'beauty'), 'Product Details', 10),
('47e640a5-2258-472b-b87b-f848dffd362d', (SELECT id FROM public.categories WHERE slug = 'beauty'), 'Specifications', 20),
('294b8cec-40fb-4721-a24a-ba5f7761ee86', (SELECT id FROM public.categories WHERE slug = 'services'), 'Service Details', 10),
('2c5728d7-5442-4d75-ac17-2088fbe6fd69', (SELECT id FROM public.categories WHERE slug = 'auto-spares'), 'Part Classification', 10),
('a1abb40f-f98d-454b-9fc4-abf7f38bd438', (SELECT id FROM public.categories WHERE slug = 'auto-spares'), 'Part Details', 20),
('b81a40d8-3322-45fb-af6a-d9a525e8431f', (SELECT id FROM public.categories WHERE slug = 'auto-spares'), 'Vehicle Compatibility', 30),
('7235510b-c4d4-418e-9af9-510d7836e4a8', (SELECT id FROM public.categories WHERE slug = 'jobs'), 'Job Details', 10),
('92c6835e-2790-4986-8ece-7153e1e04de7', (SELECT id FROM public.categories WHERE slug = 'jobs'), 'Requirements', 20),
('5d17aae4-19cc-446a-b4e4-e458c4c0b669', (SELECT id FROM public.categories WHERE slug = 'jobs'), 'Compensation', 30),
('c86f1c3c-5194-4332-bc38-87e93e4da471', (SELECT id FROM public.categories WHERE slug = 'seeking-work'), 'Professional Profile', 10),
('0f1fb920-2e8b-4523-83a4-c95842237d25', (SELECT id FROM public.categories WHERE slug = 'seeking-work'), 'Qualifications & Experience', 20)
ON CONFLICT DO NOTHING;

INSERT INTO public.attributes (id, category_id, group_id, name, label, field_type, is_required, is_searchable, is_listing_card, display_order, options) VALUES 
('3242c8be-f5ff-4aa4-8b85-8e03a5676174', (SELECT id FROM public.categories WHERE slug = 'phones-tablets'), 'e7915bbf-807e-40b1-a12c-d71e56f6172c', 'subcategory', 'Device Type', 'select', true, true, false, 10, NULL),
('5a96d961-fc13-4ea7-a0eb-7aea56ffef95', (SELECT id FROM public.categories WHERE slug = 'phones-tablets'), 'e7915bbf-807e-40b1-a12c-d71e56f6172c', 'brand', 'Brand', 'select', true, true, false, 20, NULL),
('7019c283-c864-48c4-af02-3c2b3b98f9b9', (SELECT id FROM public.categories WHERE slug = 'phones-tablets'), 'e7915bbf-807e-40b1-a12c-d71e56f6172c', 'model', 'Model', 'select', true, true, false, 30, NULL),
('44a730a7-522f-4c25-a875-2fe3d9bd7a82', (SELECT id FROM public.categories WHERE slug = 'phones-tablets'), 'b80c0e3b-8ae7-4b4f-8ab6-b61251e09d33', 'storage', 'Internal Storage', 'select', true, true, false, 40, '["16GB","32GB","64GB","128GB","256GB","512GB","1TB"]'::jsonb),
('b375d689-9fa4-4a94-acdd-a79b771d0d15', (SELECT id FROM public.categories WHERE slug = 'phones-tablets'), 'b80c0e3b-8ae7-4b4f-8ab6-b61251e09d33', 'ram', 'RAM', 'select', true, true, false, 50, '["2GB","3GB","4GB","6GB","8GB","12GB","16GB+"]'::jsonb),
('63905fed-2da0-4a95-a7b6-fe96a9d2a6a0', (SELECT id FROM public.categories WHERE slug = 'phones-tablets'), 'b80c0e3b-8ae7-4b4f-8ab6-b61251e09d33', 'network', 'Network', 'select', false, true, false, 60, '["3G","4G LTE","5G"]'::jsonb),
('348e4351-deff-412e-9f7e-ce5cc2b6f0ff', (SELECT id FROM public.categories WHERE slug = 'phones-tablets'), 'b80c0e3b-8ae7-4b4f-8ab6-b61251e09d33', 'os', 'Operating System', 'select', true, true, false, 70, '["Android","iOS","Windows","Other"]'::jsonb),
('ad169e18-b3a2-4a42-8f84-38cfff9bc12a', (SELECT id FROM public.categories WHERE slug = 'phones-tablets'), 'e7915bbf-807e-40b1-a12c-d71e56f6172c', 'color', 'Color', 'select', true, true, false, 80, '["Black","White","Silver","Gold","Blue","Red","Green","Other"]'::jsonb),
('504e6b26-e4c8-40c8-b36f-5ae051c88c1c', (SELECT id FROM public.categories WHERE slug = 'electronics'), 'cb629215-30cb-4eb3-b1b5-a3a82aeed2fe', 'subcategory', 'Category', 'select', true, true, false, 10, NULL),
('b78387c4-eaa4-4487-80d8-4ff9acf397da', (SELECT id FROM public.categories WHERE slug = 'electronics'), 'cb629215-30cb-4eb3-b1b5-a3a82aeed2fe', 'brand', 'Brand', 'select', true, true, false, 20, NULL),
('4b1ec86f-2eef-45a9-a768-0c18dd21166c', (SELECT id FROM public.categories WHERE slug = 'electronics'), 'cb629215-30cb-4eb3-b1b5-a3a82aeed2fe', 'series', 'Series', 'select', false, true, false, 30, NULL),
('175a19c7-1294-4f0e-8168-e3ecb1fcaf88', (SELECT id FROM public.categories WHERE slug = 'electronics'), 'cb629215-30cb-4eb3-b1b5-a3a82aeed2fe', 'model', 'Model', 'select', true, true, false, 40, NULL),
('aa165b9b-3f45-468f-96a0-2d23efd4c19d', (SELECT id FROM public.categories WHERE slug = 'electronics'), 'cb629215-30cb-4eb3-b1b5-a3a82aeed2fe', 'deviceType', 'Device Type', 'select', true, true, false, 50, '["Laptop","Desktop","All-in-One","Mini PC","Workstation","Server"]'::jsonb),
('329a1f53-ab7b-45c2-b3a9-6da202b36f74', (SELECT id FROM public.categories WHERE slug = 'electronics'), 'cb629215-30cb-4eb3-b1b5-a3a82aeed2fe', 'releaseYear', 'Release Year', 'text', false, true, false, 60, NULL),
('483928e3-8291-4190-8443-661bd94f4d83', (SELECT id FROM public.categories WHERE slug = 'electronics'), '7000b252-1c98-4bbd-aa5f-ac0a4beec69a', 'cpuBrand', 'Processor Brand', 'select', true, true, false, 70, '["Intel","AMD","Apple","Snapdragon (ARM)","Other"]'::jsonb),
('c81890ba-d106-42bf-a8b4-7434c8280696', (SELECT id FROM public.categories WHERE slug = 'electronics'), '7000b252-1c98-4bbd-aa5f-ac0a4beec69a', 'cpuFamily', 'Processor Family', 'select', true, true, false, 80, '["Intel Core i3","Intel Core i5","Intel Core i7","Intel Core i9","Intel Core Ultra 5","Intel Core Ultra 7","Intel Core Ultra 9","Intel Xeon","Intel Pentium","Intel Celeron","AMD Ryzen 3","AMD Ryzen 5","AMD Ryzen 7","AMD Ryzen 9","AMD Threadripper","AMD Athlon","Apple M1","Apple M2","Apple M3","Apple M4","Snapdragon X Elite","Snapdragon X Plus"]'::jsonb),
('05899c07-8c1d-4923-a654-09f249e75216', (SELECT id FROM public.categories WHERE slug = 'electronics'), '7000b252-1c98-4bbd-aa5f-ac0a4beec69a', 'cpuGen', 'Processor Generation', 'select', false, true, false, 90, '["1st Gen","2nd Gen","3rd Gen","4th Gen","5th Gen","6th Gen","7th Gen","8th Gen","9th Gen","10th Gen","11th Gen","12th Gen","13th Gen","14th Gen","15th Gen (Core Ultra)","Ryzen 3000 Series","Ryzen 4000 Series","Ryzen 5000 Series","Ryzen 6000 Series","Ryzen 7000 Series","Ryzen 8000 Series","Base","Pro","Max","Ultra","Gen 1","Gen 2","Gen 3"]'::jsonb),
('ff13f986-fd9d-4228-8a01-5a22494b1512', (SELECT id FROM public.categories WHERE slug = 'electronics'), '7000b252-1c98-4bbd-aa5f-ac0a4beec69a', 'cpuModel', 'Processor Model', 'text', false, false, false, 100, NULL),
('3b80e026-7ca2-439f-a6db-83c45cc6f1cb', (SELECT id FROM public.categories WHERE slug = 'electronics'), '7000b252-1c98-4bbd-aa5f-ac0a4beec69a', 'cpuSpeed', 'Processor Speed (GHz)', 'text', false, false, false, 110, NULL),
('8ea8b176-9d20-4610-a596-9fca50ab10ab', (SELECT id FROM public.categories WHERE slug = 'electronics'), '7000b252-1c98-4bbd-aa5f-ac0a4beec69a', 'coreCount', 'Core Count', 'text', false, false, false, 120, NULL),
('1825496c-9b31-4905-b11c-242d29da14b8', (SELECT id FROM public.categories WHERE slug = 'electronics'), '7000b252-1c98-4bbd-aa5f-ac0a4beec69a', 'threadCount', 'Thread Count', 'text', false, false, false, 130, NULL),
('ba75fc92-1b1d-4199-b7c8-69b097ac5cbc', (SELECT id FROM public.categories WHERE slug = 'electronics'), '7000b252-1c98-4bbd-aa5f-ac0a4beec69a', 'turboBoostSpeed', 'Turbo Boost Speed', 'text', false, false, false, 140, NULL),
('b5487538-3369-4d24-90cf-f0e0a0d70e0a', (SELECT id FROM public.categories WHERE slug = 'electronics'), '7000b252-1c98-4bbd-aa5f-ac0a4beec69a', 'cpuArchitecture', 'CPU Architecture', 'select', false, false, false, 150, '["x86","x64","ARM64"]'::jsonb),
('f3a37c1e-fb17-4c36-8d5f-63c1bb4e19c6', (SELECT id FROM public.categories WHERE slug = 'electronics'), '40384a01-05ee-4b06-958d-4483f5cd88f9', 'ram', 'RAM Size', 'select', true, true, false, 160, '["8GB","16GB","32GB","64GB","128GB","256GB"]'::jsonb),
('c22a5df0-ad30-4b8d-8da5-ee9bed00b16d', (SELECT id FROM public.categories WHERE slug = 'electronics'), '40384a01-05ee-4b06-958d-4483f5cd88f9', 'ramType', 'RAM Type', 'select', true, true, false, 170, '["DDR3","DDR4","DDR5","LPDDR4","LPDDR4x","LPDDR5","LPDDR5x","Unified Memory"]'::jsonb),
('82eadabc-8b8e-4cda-b859-a2383edf0230', (SELECT id FROM public.categories WHERE slug = 'electronics'), '40384a01-05ee-4b06-958d-4483f5cd88f9', 'ramSpeed', 'RAM Speed', 'text', false, false, false, 180, NULL),
('a663b11b-4563-441c-8610-f12a667500c4', (SELECT id FROM public.categories WHERE slug = 'electronics'), '40384a01-05ee-4b06-958d-4483f5cd88f9', 'ramSlots', 'RAM Slots', 'text', false, false, false, 190, NULL),
('32874bd7-15bc-463e-b800-2ec28dea1b2a', (SELECT id FROM public.categories WHERE slug = 'electronics'), '40384a01-05ee-4b06-958d-4483f5cd88f9', 'maxSupportedRam', 'Maximum Supported RAM', 'select', false, false, false, 200, '["8GB","16GB","32GB","64GB","128GB","256GB"]'::jsonb),
('ee50b6c1-54fe-4c21-9e4a-1e314e3eeb36', (SELECT id FROM public.categories WHERE slug = 'electronics'), '40384a01-05ee-4b06-958d-4483f5cd88f9', 'ramUpgradeable', 'RAM Upgradeable', 'select', false, false, false, 210, '["Yes","No"]'::jsonb),
('b0337296-5b96-45cc-a5c2-942e2e1616cd', (SELECT id FROM public.categories WHERE slug = 'electronics'), 'eb36711f-caab-4393-9777-4c8e944a447d', 'storageType', 'Storage Type', 'select', true, true, false, 220, '["HDD","SATA SSD","NVMe PCIe 3.0 SSD","NVMe PCIe 4.0 SSD","NVMe PCIe 5.0 SSD","eMMC","Hybrid (HDD + SSD)"]'::jsonb),
('c8086a8f-f5c9-4461-80a0-a60f172435e6', (SELECT id FROM public.categories WHERE slug = 'electronics'), 'eb36711f-caab-4393-9777-4c8e944a447d', 'storageSize', 'Storage Capacity', 'select', true, true, false, 230, '["128GB","256GB","512GB","1TB","2TB","4TB","8TB+"]'::jsonb),
('f3bd94a2-c03b-472b-b3a6-2f62564cac7b', (SELECT id FROM public.categories WHERE slug = 'electronics'), 'eb36711f-caab-4393-9777-4c8e944a447d', 'secondaryStorage', 'Secondary Storage', 'text', false, false, false, 240, NULL),
('663b53d9-fc78-4855-8a38-087a483cf25c', (SELECT id FROM public.categories WHERE slug = 'electronics'), 'eb36711f-caab-4393-9777-4c8e944a447d', 'storageSlots', 'Storage Slots', 'text', false, false, false, 250, NULL),
('9c8bb561-af31-4d4f-aef5-36112b970f14', (SELECT id FROM public.categories WHERE slug = 'electronics'), 'eb36711f-caab-4393-9777-4c8e944a447d', 'numberOfDrives', 'Number of Drives', 'select', false, false, false, 260, '["1","2","3","4+"]'::jsonb),
('c77d097b-85e6-4139-87a0-454606813a41', (SELECT id FROM public.categories WHERE slug = 'electronics'), 'eb36711f-caab-4393-9777-4c8e944a447d', 'expandableStorage', 'Expandable Storage', 'select', false, false, false, 270, '["Yes","No"]'::jsonb),
('ed4c6e90-4922-4df9-a3fc-751ff495ddd3', (SELECT id FROM public.categories WHERE slug = 'electronics'), 'eb36711f-caab-4393-9777-4c8e944a447d', 'raidSupport', 'RAID Support', 'select', false, false, false, 280, '["Yes","No"]'::jsonb),
('ec621502-b6fe-460f-a82a-dbd7de7dd5de', (SELECT id FROM public.categories WHERE slug = 'electronics'), 'e1eaf2f6-311a-4a33-9263-019f346a6d75', 'gpuType', 'GPU Type', 'select', true, true, false, 290, '["Integrated","Dedicated"]'::jsonb),
('24d4a0b4-fba7-4412-80f3-7446b9f3e744', (SELECT id FROM public.categories WHERE slug = 'electronics'), 'e1eaf2f6-311a-4a33-9263-019f346a6d75', 'gpuBrand', 'GPU Brand', 'select', true, true, false, 300, '["Intel","AMD","NVIDIA","Apple","Qualcomm"]'::jsonb),
('89b5a370-e95a-4d4d-97bf-1784a1358708', (SELECT id FROM public.categories WHERE slug = 'electronics'), 'e1eaf2f6-311a-4a33-9263-019f346a6d75', 'gpuSeries', 'GPU Series', 'text', false, true, false, 310, NULL),
('696f0fff-01ce-4182-91b7-88e15d945ae0', (SELECT id FROM public.categories WHERE slug = 'electronics'), 'e1eaf2f6-311a-4a33-9263-019f346a6d75', 'gpu', 'GPU Model', 'text', false, true, false, 320, NULL),
('856dfc55-988b-4675-bc04-91ec69db69f0', (SELECT id FROM public.categories WHERE slug = 'electronics'), 'e1eaf2f6-311a-4a33-9263-019f346a6d75', 'gpuMemory', 'GPU Memory', 'select', true, true, false, 330, '["Shared","2GB","4GB","6GB","8GB","10GB","12GB","16GB","24GB"]'::jsonb),
('817e3c2a-fbab-4c9b-8095-26de0832500e', (SELECT id FROM public.categories WHERE slug = 'electronics'), 'e1eaf2f6-311a-4a33-9263-019f346a6d75', 'graphicsGeneration', 'Graphics Generation', 'text', false, false, false, 340, NULL),
('1855f8de-d489-4158-9119-25c39f6012ef', (SELECT id FROM public.categories WHERE slug = 'electronics'), 'e1eaf2f6-311a-4a33-9263-019f346a6d75', 'muxSwitch', 'MUX Switch', 'select', false, false, false, 350, '["Yes","No"]'::jsonb),
('8d37cf00-50be-49da-9aa6-ab5767d78adc', (SELECT id FROM public.categories WHERE slug = 'electronics'), 'e1eaf2f6-311a-4a33-9263-019f346a6d75', 'gpuPower', 'GPU Power (W)', 'text', false, false, false, 360, NULL),
('6741d85f-9dae-4356-9af8-0722e6943c3c', (SELECT id FROM public.categories WHERE slug = 'electronics'), '8dd6a812-6f23-4c29-b57b-6523b6683127', 'screenSize', 'Screen Size', 'select', true, true, false, 370, '["11\"","12\"","13\"","13.3\"","14\"","15\"","15.6\"","16\"","17\"","18\""]'::jsonb),
('f4b86349-1ae6-4094-9c1b-6a94e3e8fc40', (SELECT id FROM public.categories WHERE slug = 'electronics'), '8dd6a812-6f23-4c29-b57b-6523b6683127', 'resolution', 'Resolution', 'select', true, true, false, 380, '["HD (1366x768)","FHD (1920x1080)","WUXGA (1920x1200)","QHD (2560x1440)","QHD+ (2560x1600)","3K","4K UHD (3840x2160)"]'::jsonb),
('6d86dcee-ee9f-41a8-afeb-61d6b222024f', (SELECT id FROM public.categories WHERE slug = 'electronics'), '8dd6a812-6f23-4c29-b57b-6523b6683127', 'refreshRate', 'Refresh Rate', 'select', true, true, false, 390, '["60Hz","90Hz","120Hz","144Hz","165Hz","240Hz","300Hz","360Hz+"]'::jsonb),
('750870d0-d6bf-4bfd-8ef5-cc2a2665b45f', (SELECT id FROM public.categories WHERE slug = 'electronics'), '8dd6a812-6f23-4c29-b57b-6523b6683127', 'panelType', 'Panel Type', 'select', true, false, false, 400, '["IPS","OLED","Mini-LED","TN","VA","Liquid Retina XDR"]'::jsonb),
('2a5e1abb-a477-433c-aed9-776bde3e1de0', (SELECT id FROM public.categories WHERE slug = 'electronics'), '8dd6a812-6f23-4c29-b57b-6523b6683127', 'screenFinish', 'Screen Finish', 'select', false, false, false, 410, '["Matte / Anti-Glare","Glossy"]'::jsonb),
('38a7c913-19f5-46c9-a21f-dd9f9a40d418', (SELECT id FROM public.categories WHERE slug = 'electronics'), '8dd6a812-6f23-4c29-b57b-6523b6683127', 'brightness', 'Brightness (nits)', 'text', false, false, false, 420, NULL),
('055edc07-ec94-48d9-94f5-e9c0ec17795c', (SELECT id FROM public.categories WHERE slug = 'electronics'), '8dd6a812-6f23-4c29-b57b-6523b6683127', 'aspectRatio', 'Aspect Ratio', 'select', false, false, false, 430, '["16:9","16:10","3:2"]'::jsonb),
('e7052b86-67d4-4410-ab95-cee712d83bc2', (SELECT id FROM public.categories WHERE slug = 'electronics'), '8dd6a812-6f23-4c29-b57b-6523b6683127', 'colorAccuracy', 'Color Accuracy', 'select', false, false, false, 440, '["100% sRGB","100% DCI-P3","100% Adobe RGB","Standard"]'::jsonb),
('b17c7793-b78c-439c-84e2-608281f58dfe', (SELECT id FROM public.categories WHERE slug = 'electronics'), '8dd6a812-6f23-4c29-b57b-6523b6683127', 'touchscreen', 'Touchscreen', 'select', false, true, false, 450, '["Yes","No"]'::jsonb),
('ec93c604-b074-4ba4-afc0-5997bbd7cf6b', (SELECT id FROM public.categories WHERE slug = 'electronics'), '8dd6a812-6f23-4c29-b57b-6523b6683127', 'screenToBodyRatio', 'Screen-to-Body Ratio', 'text', false, false, false, 460, NULL),
('9e0197d1-d437-4836-a780-9e04a88f970d', (SELECT id FROM public.categories WHERE slug = 'electronics'), '4f823098-c11e-4712-b08e-59527bca16ec', 'webcamResolution', 'Webcam Resolution', 'select', false, false, false, 470, '["720p","1080p","1440p","4K","None"]'::jsonb),
('47baba0f-d9b9-4a68-850f-85d17435edf3', (SELECT id FROM public.categories WHERE slug = 'electronics'), '4f823098-c11e-4712-b08e-59527bca16ec', 'privacyShutter', 'Privacy Shutter', 'select', false, false, false, 480, '["Yes","No"]'::jsonb),
('4b29bda7-44f9-43ed-b615-cc16c4ee2c91', (SELECT id FROM public.categories WHERE slug = 'electronics'), '64d66094-4c76-404e-ba96-883ace2b3c05', 'batteryHealth', 'Battery Health', 'select', true, true, false, 490, '["Excellent (90-100%)","Good (80-89%)","Fair (70-79%)","Poor (<70%)"]'::jsonb),
('d07dde40-8c6a-41b6-9f65-58ca1b01805d', (SELECT id FROM public.categories WHERE slug = 'electronics'), '64d66094-4c76-404e-ba96-883ace2b3c05', 'batteryCondition', 'Battery Condition', 'text', false, false, false, 500, NULL),
('4e7bbb9b-50d9-445c-8b65-5aa2405e3ae6', (SELECT id FROM public.categories WHERE slug = 'electronics'), '64d66094-4c76-404e-ba96-883ace2b3c05', 'batteryLife', 'Battery Life (Hours)', 'text', false, false, false, 510, NULL),
('2a69dbb4-57ee-41e6-a7ed-7075cb81154a', (SELECT id FROM public.categories WHERE slug = 'electronics'), '64d66094-4c76-404e-ba96-883ace2b3c05', 'batteryCapacity', 'Battery Capacity (Wh)', 'text', false, false, false, 520, NULL),
('511f6cb0-6cee-457e-998e-2537d07e73d5', (SELECT id FROM public.categories WHERE slug = 'electronics'), '64d66094-4c76-404e-ba96-883ace2b3c05', 'chargingType', 'Charging Type', 'select', false, false, false, 530, '["Barrel Plug","USB-C","MagSafe"]'::jsonb),
('a616db70-2398-40a0-89a3-981b28e1eea2', (SELECT id FROM public.categories WHERE slug = 'electronics'), '64d66094-4c76-404e-ba96-883ace2b3c05', 'fastCharging', 'Fast Charging', 'select', false, false, false, 540, '["Yes","No"]'::jsonb),
('202a246e-0176-40b5-8bb0-ea88751d140f', (SELECT id FROM public.categories WHERE slug = 'electronics'), '64d66094-4c76-404e-ba96-883ace2b3c05', 'chargerWattage', 'Charger Wattage (W)', 'text', false, false, false, 550, NULL),
('63fa7ef6-b8b6-4295-b52c-c30e9e4a5963', (SELECT id FROM public.categories WHERE slug = 'electronics'), '64d66094-4c76-404e-ba96-883ace2b3c05', 'originalCharger', 'Original Charger Included', 'select', false, false, false, 560, '["Yes","No"]'::jsonb),
('29d5b28e-f582-425d-aee0-6f32ea5902ff', (SELECT id FROM public.categories WHERE slug = 'electronics'), '78be964d-902c-46a0-9b51-259f94184ab6', 'formFactor', 'Laptop Form Factor', 'select', false, false, false, 570, '["Traditional Clamshell","2-in-1 Convertible","2-in-1 Detachable","Dual Screen"]'::jsonb),
('b7a861f1-e071-4245-87d2-4905a53bd25b', (SELECT id FROM public.categories WHERE slug = 'electronics'), '78be964d-902c-46a0-9b51-259f94184ab6', 'openingAngle', 'Opening Angle', 'select', false, false, false, 580, '["135 Degrees","180 Degrees","360 Degrees"]'::jsonb),
('5e6bc2cd-1763-4108-a915-6f999a7b01e6', (SELECT id FROM public.categories WHERE slug = 'electronics'), '78be964d-902c-46a0-9b51-259f94184ab6', 'foldType', 'Fold Type', 'text', false, false, false, 590, NULL),
('cda78285-03e3-4224-abe7-4e9c12b7d2f7', (SELECT id FROM public.categories WHERE slug = 'electronics'), '682c5a27-59b7-461e-9f0d-d0a5b4424529', 'color', 'Color', 'text', true, true, false, 600, NULL),
('97d2a38d-aa85-4458-b73e-507bab35b98f', (SELECT id FROM public.categories WHERE slug = 'electronics'), '682c5a27-59b7-461e-9f0d-d0a5b4424529', 'material', 'Material', 'select', false, false, false, 610, '["Plastic","Aluminum","Magnesium Alloy","Carbon Fiber","Glass"]'::jsonb),
('6de5e8f8-37e5-4c0a-b330-62c1bc19d6a3', (SELECT id FROM public.categories WHERE slug = 'electronics'), '682c5a27-59b7-461e-9f0d-d0a5b4424529', 'weight', 'Weight (kg)', 'text', false, false, false, 620, NULL),
('0a2754ca-179c-49d9-8b23-85c1918467ba', (SELECT id FROM public.categories WHERE slug = 'electronics'), '682c5a27-59b7-461e-9f0d-d0a5b4424529', 'bodyCondition', 'Body Condition', 'text', false, false, false, 630, NULL),
('5a35a883-2ccd-4d30-a305-c2811885a4cc', (SELECT id FROM public.categories WHERE slug = 'electronics'), '682c5a27-59b7-461e-9f0d-d0a5b4424529', 'scratchLevel', 'Scratch Level', 'select', false, false, false, 640, '["None","Light/Micro-scratches","Moderate","Heavy"]'::jsonb),
('968f4fbf-71ca-4cec-b540-93ba68136f8a', (SELECT id FROM public.categories WHERE slug = 'electronics'), '682c5a27-59b7-461e-9f0d-d0a5b4424529', 'screenCondition', 'Screen Condition', 'text', false, false, false, 650, NULL),
('dde9010b-df5e-49c7-b295-91389180ba6c', (SELECT id FROM public.categories WHERE slug = 'electronics'), '682c5a27-59b7-461e-9f0d-d0a5b4424529', 'keyboardCondition', 'Keyboard Condition', 'text', false, false, false, 660, NULL),
('915242b4-03e5-4d78-8506-e3cfaf7fe368', (SELECT id FROM public.categories WHERE slug = 'electronics'), '682c5a27-59b7-461e-9f0d-d0a5b4424529', 'hingeCondition', 'Hinge Condition', 'text', false, false, false, 670, NULL),
('d891f697-28e8-463f-90cc-f274040e6854', (SELECT id FROM public.categories WHERE slug = 'electronics'), '3f1d89af-f970-4d72-9407-cb7f7baca1da', 'keyboardType', 'Keyboard Type', 'select', false, false, false, 680, '["Chiclet / Membrane","Mechanical","Optical-Mechanical"]'::jsonb),
('f7888c67-feed-4442-91a0-793cbfd9db93', (SELECT id FROM public.categories WHERE slug = 'electronics'), '3f1d89af-f970-4d72-9407-cb7f7baca1da', 'keyboardLayout', 'Keyboard Layout', 'select', false, false, false, 690, '["US English","UK English","Arabic","French","Other"]'::jsonb),
('f204d19e-3fb9-4069-a81b-b37e7f4c4939', (SELECT id FROM public.categories WHERE slug = 'electronics'), '3f1d89af-f970-4d72-9407-cb7f7baca1da', 'keyboardBacklight', 'Keyboard Backlight', 'select', false, false, false, 700, '["Yes","No"]'::jsonb),
('a5f1bec3-bfeb-4305-8492-54cc82cc23be', (SELECT id FROM public.categories WHERE slug = 'electronics'), '3f1d89af-f970-4d72-9407-cb7f7baca1da', 'numericKeypad', 'Numeric Keypad', 'select', false, false, false, 710, '["Yes","No"]'::jsonb),
('b8b50850-eb52-4c8a-8c61-5859434d3cf5', (SELECT id FROM public.categories WHERE slug = 'electronics'), '3f1d89af-f970-4d72-9407-cb7f7baca1da', 'trackpadType', 'Trackpad Type', 'select', false, false, false, 720, '["Mechanical Clickpad","Haptic Touchpad"]'::jsonb),
('0b7ba4c5-0c8e-486e-a422-e6025b9c252c', (SELECT id FROM public.categories WHERE slug = 'electronics'), '3f1d89af-f970-4d72-9407-cb7f7baca1da', 'stylusSupport', 'Stylus Support', 'select', false, false, false, 730, '["Yes","No"]'::jsonb),
('9bb112c9-f745-48e8-9af5-6bf7e9240aa1', (SELECT id FROM public.categories WHERE slug = 'electronics'), '3f1d89af-f970-4d72-9407-cb7f7baca1da', 'stylusIncluded', 'Stylus Included', 'select', false, false, false, 740, '["Yes","No"]'::jsonb),
('bdbcd171-8ee1-4459-991f-e2c9481ff53d', (SELECT id FROM public.categories WHERE slug = 'electronics'), '1c840ca5-a7b7-46ba-9de0-fc43644d42bd', 'speakerCount', 'Speaker Count', 'text', false, false, false, 750, NULL),
('6e013bbd-371c-480a-a751-869fac13000f', (SELECT id FROM public.categories WHERE slug = 'electronics'), '1c840ca5-a7b7-46ba-9de0-fc43644d42bd', 'audioCertification', 'Audio Certification', 'text', false, false, false, 760, NULL),
('6145f334-e87c-4c08-b340-9741af742d52', (SELECT id FROM public.categories WHERE slug = 'electronics'), '1c840ca5-a7b7-46ba-9de0-fc43644d42bd', 'builtInMicrophone', 'Built-in Microphone', 'select', false, false, false, 770, '["Yes","No"]'::jsonb),
('5aadc6e5-d211-4848-8c3a-80d5aa205d44', (SELECT id FROM public.categories WHERE slug = 'electronics'), '5a7da150-0656-46ec-800b-cebfa3d7ee6f', 'os', 'Operating System', 'select', true, true, false, 780, '["Windows 10","Windows 11","macOS","Linux","ChromeOS","DOS / No OS"]'::jsonb),
('7db0d79d-be27-4fab-bf45-f40c95b33274', (SELECT id FROM public.categories WHERE slug = 'electronics'), '5a7da150-0656-46ec-800b-cebfa3d7ee6f', 'osVersion', 'OS Version', 'text', false, false, false, 790, NULL),
('2bdbaeb5-de5f-4369-95da-1d1d0c013eb1', (SELECT id FROM public.categories WHERE slug = 'electronics'), '5a7da150-0656-46ec-800b-cebfa3d7ee6f', 'licenseIncluded', 'License Included', 'select', false, false, false, 800, '["Yes","No"]'::jsonb),
('ed83d9ba-5a1d-4ec7-bad5-b6b61f3ca934', (SELECT id FROM public.categories WHERE slug = 'electronics'), 'ea9b7352-3f25-4538-99b7-1f2d57883b78', 'wifi', 'Wi-Fi', 'select', false, true, false, 810, '["Wi-Fi 5 (802.11ac)","Wi-Fi 6 (802.11ax)","Wi-Fi 6E","Wi-Fi 7","None"]'::jsonb),
('57d601cf-f549-45de-b6f6-f67ea3298953', (SELECT id FROM public.categories WHERE slug = 'electronics'), 'ea9b7352-3f25-4538-99b7-1f2d57883b78', 'bluetooth', 'Bluetooth', 'text', false, false, false, 820, NULL),
('00fe1fb6-3025-4327-908d-273181e9bd79', (SELECT id FROM public.categories WHERE slug = 'electronics'), 'ea9b7352-3f25-4538-99b7-1f2d57883b78', 'lte', 'LTE Support', 'select', false, false, false, 830, '["Yes","No"]'::jsonb),
('aa30aaef-00c8-4a59-a423-bf5a09ae57d9', (SELECT id FROM public.categories WHERE slug = 'electronics'), 'ea9b7352-3f25-4538-99b7-1f2d57883b78', '5g', '5G Support', 'select', false, false, false, 840, '["Yes","No"]'::jsonb),
('c4171373-b62c-4798-93f9-617c470ea340', (SELECT id FROM public.categories WHERE slug = 'electronics'), 'ea9b7352-3f25-4538-99b7-1f2d57883b78', 'ethernet', 'Ethernet', 'select', false, false, false, 850, '["Yes","No"]'::jsonb),
('7d1ca96a-f2cf-4af7-9e54-acc9d07bec80', (SELECT id FROM public.categories WHERE slug = 'electronics'), '09c2ce91-9748-4c30-8367-ce5b7d6ef860', 'ports', 'Ports', 'multiselect', false, true, false, 860, '["USB-A","USB-C","Thunderbolt","HDMI","Mini HDMI","DisplayPort","Mini DisplayPort","Ethernet Port","Audio Jack","SD Card Reader","MicroSD Reader","VGA","Dock Connector"]'::jsonb),
('943d0d6a-4123-46ff-8409-df26f7c56210', (SELECT id FROM public.categories WHERE slug = 'electronics'), 'a9b7d9a5-c73e-48ea-90e7-67a189f72d0a', 'fingerprintReader', 'Fingerprint Reader', 'select', false, true, false, 870, '["Yes","No"]'::jsonb),
('7cf38437-8625-4c1e-aead-9b8c79520cf2', (SELECT id FROM public.categories WHERE slug = 'electronics'), 'a9b7d9a5-c73e-48ea-90e7-67a189f72d0a', 'faceUnlock', 'Face Unlock', 'select', false, false, false, 880, '["Yes","No"]'::jsonb),
('f4631ed1-a885-4645-a703-5c54bd92c825', (SELECT id FROM public.categories WHERE slug = 'electronics'), 'a9b7d9a5-c73e-48ea-90e7-67a189f72d0a', 'tpm', 'TPM', 'select', false, false, false, 890, '["Yes","No"]'::jsonb),
('4e5ee7aa-ba8a-4b13-b0e9-fd8431980a25', (SELECT id FROM public.categories WHERE slug = 'electronics'), 'a9b7d9a5-c73e-48ea-90e7-67a189f72d0a', 'smartCardReader', 'Smart Card Reader', 'select', false, false, false, 900, '["Yes","No"]'::jsonb),
('d2dd1116-81b4-4781-93ba-c4346662419f', (SELECT id FROM public.categories WHERE slug = 'electronics'), 'a9b7d9a5-c73e-48ea-90e7-67a189f72d0a', 'kensingtonLock', 'Kensington Lock', 'select', false, false, false, 910, '["Yes","No"]'::jsonb),
('3b226755-8176-42aa-828e-aed25e82e874', (SELECT id FROM public.categories WHERE slug = 'electronics'), 'f9904615-c8f5-4339-8497-12287e6e2c31', 'dockingSupport', 'Docking Support', 'select', false, false, false, 920, '["Yes","No"]'::jsonb),
('1977c158-825c-46fb-b298-746a764cc731', (SELECT id FROM public.categories WHERE slug = 'electronics'), 'f9904615-c8f5-4339-8497-12287e6e2c31', 'vPro', 'vPro', 'select', false, false, false, 930, '["Yes","No"]'::jsonb),
('05e159bc-04aa-4920-b678-d43f2211de68', (SELECT id FROM public.categories WHERE slug = 'electronics'), 'f9904615-c8f5-4339-8497-12287e6e2c31', 'enterpriseGrade', 'Enterprise Grade', 'select', false, false, false, 940, '["Yes","No"]'::jsonb),
('773c28be-c3c8-4ecc-85fc-f39d342b9541', (SELECT id FROM public.categories WHERE slug = 'electronics'), '9ff6dcde-2f3c-456f-b845-db0a7ca85a7e', 'rgbKeyboard', 'RGB Keyboard', 'select', false, true, false, 950, '["Yes","No"]'::jsonb),
('c3a3e346-4686-439e-b0e0-77847c2e926e', (SELECT id FROM public.categories WHERE slug = 'electronics'), '9ff6dcde-2f3c-456f-b845-db0a7ca85a7e', 'rgbZones', 'RGB Zones', 'text', false, false, false, 960, NULL),
('0d7d3816-162a-43d0-80bf-e999d5dc803a', (SELECT id FROM public.categories WHERE slug = 'electronics'), '9ff6dcde-2f3c-456f-b845-db0a7ca85a7e', 'vrReady', 'VR Ready', 'select', false, false, false, 970, '["Yes","No"]'::jsonb),
('325ce30d-883f-4a18-b9a0-f9e08a8b04fc', (SELECT id FROM public.categories WHERE slug = 'electronics'), '2bea8da8-0f2d-4adb-9f16-689eb5db652e', 'coolingType', 'Cooling Type', 'select', false, false, false, 980, '["Passive (Fanless)","Single Fan","Dual Fan","Liquid Cooling","Vapor Chamber"]'::jsonb),
('f5caf3ff-8448-429a-8165-d836a173b9e3', (SELECT id FROM public.categories WHERE slug = 'electronics'), '2bea8da8-0f2d-4adb-9f16-689eb5db652e', 'coolingCondition', 'Cooling Condition', 'text', false, false, false, 990, NULL),
('1a877288-144f-4312-9679-4048810c9c9f', (SELECT id FROM public.categories WHERE slug = 'electronics'), '58ea2233-bab5-4733-a3f2-a7af2b85e70b', 'condition', 'Condition', 'select', true, true, false, 1000, '["Excellent","Good","Fair","Requires Repair"]'::jsonb),
('a928d7c5-5c50-4118-804b-d1c06c724ad5', (SELECT id FROM public.categories WHERE slug = 'electronics'), '58ea2233-bab5-4733-a3f2-a7af2b85e70b', 'physicalCondition', 'Physical Condition', 'text', false, false, false, 1010, NULL),
('ca0d3144-3538-45f6-97ca-92dfdb4d5319', (SELECT id FROM public.categories WHERE slug = 'electronics'), '58ea2233-bab5-4733-a3f2-a7af2b85e70b', 'usageHistory', 'Usage History', 'select', false, false, false, 1020, '["Light/Office Use","Gaming","Programming","Graphic Design","Heavy Rendering"]'::jsonb),
('81ebb742-58ef-4187-b9ad-6b361eb7c75e', (SELECT id FROM public.categories WHERE slug = 'electronics'), '58ea2233-bab5-4733-a3f2-a7af2b85e70b', 'ownership', 'Ownership', 'select', false, false, false, 1030, '["First Owner","Second Owner","Multiple Owners","Company Owned"]'::jsonb),
('32dfb9e2-ae23-4b0d-92a2-7d37458380c5', (SELECT id FROM public.categories WHERE slug = 'electronics'), 'b09c48dc-4963-4992-91ba-d24d5115a91c', 'includedAccessories', 'Included Accessories', 'multiselect', false, true, false, 1040, '["Original Box","Charger","Bag","Mouse","Dock","Stylus","Adapter","Laptop Sleeve","Cooling Pad","External Keyboard"]'::jsonb),
('0df469fb-938a-47b8-80cb-c29268d2a460', (SELECT id FROM public.categories WHERE slug = 'electronics'), '71416aad-3eb8-4336-9171-09605953fdca', 'warranty', 'Warranty', 'text', false, false, false, 1050, NULL),
('c798f930-f41b-454c-a95d-48e8b457d87b', (SELECT id FROM public.categories WHERE slug = 'electronics'), '71416aad-3eb8-4336-9171-09605953fdca', 'availability', 'Availability', 'select', false, false, false, 1060, '["In Stock","Pre-order","Out of Stock"]'::jsonb),
('feedad20-d90f-4ee9-b96a-3dd838249a69', (SELECT id FROM public.categories WHERE slug = 'electronics'), '71416aad-3eb8-4336-9171-09605953fdca', 'negotiable', 'Negotiable', 'select', false, false, false, 1070, '["Yes","No"]'::jsonb),
('d32966fd-72eb-44a0-ab5d-d9df0a428e15', (SELECT id FROM public.categories WHERE slug = 'electronics'), '807dac86-442d-422f-bb58-6f6e973189b3', 'reasonForSelling', 'Reason For Selling', 'text', false, false, false, 1080, NULL),
('866ff3e4-1b57-4b5f-832e-5054584d6cd7', (SELECT id FROM public.categories WHERE slug = 'electronics'), '807dac86-442d-422f-bb58-6f6e973189b3', 'purchaseDate', 'Purchase Date', 'text', false, false, false, 1090, NULL),
('8cd8fa41-9e7f-4fae-a85f-ab47a70d0f44', (SELECT id FROM public.categories WHERE slug = 'electronics'), '807dac86-442d-422f-bb58-6f6e973189b3', 'receiptAvailable', 'Receipt Available', 'select', false, false, false, 1100, '["Yes","No"]'::jsonb),
('66b2c4ac-2be5-4b6d-8f1b-da2b998eab2b', (SELECT id FROM public.categories WHERE slug = 'electronics'), 'cb629215-30cb-4eb3-b1b5-a3a82aeed2fe', 'tvBrand', 'Brand', 'select', true, true, false, 1110, NULL),
('22254cdb-026e-446c-9d3e-25903c247dcc', (SELECT id FROM public.categories WHERE slug = 'electronics'), 'cb629215-30cb-4eb3-b1b5-a3a82aeed2fe', 'tvSeries', 'Series / Line', 'select', false, true, false, 1120, NULL),
('b302972a-5173-4b2e-8763-51ca8f46e16a', (SELECT id FROM public.categories WHERE slug = 'electronics'), 'e3d87595-caa1-4a43-9220-da6a63b4bba4', 'screenSizeTv', 'Screen Size', 'select', true, true, false, 1130, '["32\"","40\"","43\"","50\"","55\"","65\"","75\"","85\"+"]'::jsonb),
('2225df66-8301-43ca-8d8c-d9c180e6a0b4', (SELECT id FROM public.categories WHERE slug = 'electronics'), 'e3d87595-caa1-4a43-9220-da6a63b4bba4', 'displayTech', 'Display Technology', 'select', true, true, false, 1140, '["LED","OLED","QLED","NanoCell","Plasma"]'::jsonb),
('397a7680-ec83-49d2-8e15-fcf97ad1d946', (SELECT id FROM public.categories WHERE slug = 'electronics'), 'e3d87595-caa1-4a43-9220-da6a63b4bba4', 'resolution', 'Resolution', 'select', true, true, false, 1150, '["HD","Full HD","4K UHD","8K"]'::jsonb),
('83e97a35-e202-4540-8a8a-8d98a519999b', (SELECT id FROM public.categories WHERE slug = 'electronics'), 'e3d87595-caa1-4a43-9220-da6a63b4bba4', 'smartPlatform', 'Smart Platform', 'select', false, true, false, 1160, '["Android TV","Google TV","WebOS","Tizen","VIDAA","Roku","Non Smart"]'::jsonb),
('155ed349-31d6-4f1c-8e6b-8c8881b54ef2', (SELECT id FROM public.categories WHERE slug = 'electronics'), 'cb629215-30cb-4eb3-b1b5-a3a82aeed2fe', 'equipmentType', 'Equipment Type', 'select', true, true, false, 1170, NULL),
('e0a5c235-047c-4fe1-a380-b348de240847', (SELECT id FROM public.categories WHERE slug = 'electronics'), 'cb629215-30cb-4eb3-b1b5-a3a82aeed2fe', 'audioBrand', 'Brand', 'select', true, true, false, 1180, NULL),
('4919d5d5-a07b-4133-986b-a78d2830ad74', (SELECT id FROM public.categories WHERE slug = 'electronics'), 'e3d87595-caa1-4a43-9220-da6a63b4bba4', 'channels', 'Channels', 'select', false, true, false, 1190, '["2.0","2.1","3.1","5.0","5.1","7.1","9.1","11.1"]'::jsonb),
('da0e16bc-68c0-4926-b91c-f41c632a6052', (SELECT id FROM public.categories WHERE slug = 'electronics'), 'e3d87595-caa1-4a43-9220-da6a63b4bba4', 'connectivity', 'Connectivity', 'multiselect', false, true, false, 1200, '["Bluetooth","Wi-Fi","HDMI","HDMI ARC","HDMI eARC","USB","Optical","AUX"]'::jsonb),
('5b96d384-840c-4cb4-90a0-85e8087cef7d', (SELECT id FROM public.categories WHERE slug = 'home-living'), 'ac3d3a59-d69a-4058-a566-98c77da4eedb', 'subcategory', 'Category', 'select', true, true, false, 10, NULL),
('d9c7f839-a48d-45d5-af4f-6f1ac6040cb9', (SELECT id FROM public.categories WHERE slug = 'home-living'), 'ac3d3a59-d69a-4058-a566-98c77da4eedb', 'model', 'Item Type', 'select', true, true, false, 20, NULL),
('b9eba844-f046-42ee-ae0e-f0bafedd68a6', (SELECT id FROM public.categories WHERE slug = 'home-living'), 'ddbe685a-45dd-4211-8a8a-7233fea405b4', 'condition', 'Condition', 'select', true, true, false, 30, '["Brand New","Refurbished","Used"]'::jsonb),
('c997f9d1-9f82-447d-bdb1-713f486c3282', (SELECT id FROM public.categories WHERE slug = 'home-living'), 'ddbe685a-45dd-4211-8a8a-7233fea405b4', 'brand', 'Brand', 'text', false, true, false, 40, NULL),
('fbb0ac82-00fe-4a1b-b657-599992f12346', (SELECT id FROM public.categories WHERE slug = 'home-living'), 'ddbe685a-45dd-4211-8a8a-7233fea405b4', 'material', 'Material', 'select', false, true, false, 50, '["Wood","Metal","Plastic","Glass","Fabric / Upholstered","Leather","Rattan / Wicker","Ceramic","Stone","Other"]'::jsonb),
('1bb6c711-8926-49d4-8b6f-3721cf9f04f9', (SELECT id FROM public.categories WHERE slug = 'home-living'), 'ddbe685a-45dd-4211-8a8a-7233fea405b4', 'color', 'Colour', 'select', false, true, false, 60, '["Black","White","Grey","Brown","Beige","Cream","Blue","Green","Red","Multi-color","Other"]'::jsonb),
('97bfdb62-8465-4c81-b8fe-3046b76145e7', (SELECT id FROM public.categories WHERE slug = 'home-living'), '8e99b919-ff3d-4187-9244-a555be2fdace', 'width', 'Width (cm)', 'number', false, false, false, 70, NULL),
('55faca54-5498-43d8-9556-d4eaea169564', (SELECT id FROM public.categories WHERE slug = 'home-living'), '8e99b919-ff3d-4187-9244-a555be2fdace', 'height', 'Height (cm)', 'number', false, false, false, 80, NULL),
('4cff1b6e-2217-4235-b245-afd95dc011b2', (SELECT id FROM public.categories WHERE slug = 'home-living'), '8e99b919-ff3d-4187-9244-a555be2fdace', 'length', 'Length / Depth (cm)', 'number', false, false, false, 90, NULL),
('b49e9a37-7857-4c42-8e4a-ec950afcd0fb', (SELECT id FROM public.categories WHERE slug = 'home-living'), 'ddbe685a-45dd-4211-8a8a-7233fea405b4', 'assemblyRequired', 'Assembly Required', 'select', false, true, false, 100, '["Yes","No"]'::jsonb),
('f10bb670-9415-45ac-b384-06cef65c53eb', (SELECT id FROM public.categories WHERE slug = 'home-living'), '8e99b919-ff3d-4187-9244-a555be2fdace', 'mattressSize', 'Mattress Size', 'select', false, true, false, 110, '["Single","Double","Queen","King","Super King","Cot Size","Custom"]'::jsonb),
('b6141908-bfc2-4c44-aafb-181f0216c29b', (SELECT id FROM public.categories WHERE slug = 'home-living'), '8e99b919-ff3d-4187-9244-a555be2fdace', 'bedSize', 'Bed Size', 'select', false, true, false, 120, '["Single","Double","Queen","King","Super King","Bunk","Custom"]'::jsonb),
('94a38b0f-33b1-4a74-a1f7-fcb3ddc4eb92', (SELECT id FROM public.categories WHERE slug = 'home-living'), '3e9f83f3-5366-4ebe-a6ac-7c68515e6e0c', 'storageIncluded', 'Storage Included', 'select', false, true, false, 130, '["Yes","No"]'::jsonb),
('67cd86f8-e790-41ea-bc15-3a359ae83db8', (SELECT id FROM public.categories WHERE slug = 'home-living'), '3e9f83f3-5366-4ebe-a6ac-7c68515e6e0c', 'mattressIncluded', 'Mattress Included', 'select', false, true, false, 140, '["Yes","No"]'::jsonb),
('7d10184b-70ba-4708-918e-ee3d41b86745', (SELECT id FROM public.categories WHERE slug = 'home-living'), '786fa773-33e5-4f38-b9e2-c1cecda876ae', 'capacity', 'Capacity (Liters / kg)', 'text', false, false, false, 150, NULL),
('fdfc32fd-69bb-444b-a8bb-834ba9b9655c', (SELECT id FROM public.categories WHERE slug = 'home-living'), '786fa773-33e5-4f38-b9e2-c1cecda876ae', 'powerRating', 'Power Rating (Watts)', 'number', false, false, false, 160, NULL),
('d7d2bfd5-3624-4224-ab4d-76d7089fc408', (SELECT id FROM public.categories WHERE slug = 'home-living'), '786fa773-33e5-4f38-b9e2-c1cecda876ae', 'energyRating', 'Energy Rating', 'select', false, true, false, 170, '["A+++","A++","A+","A","B","C","D","E","F","G"]'::jsonb),
('0f1fcab4-add8-4d4d-bc93-e27d04cd7e12', (SELECT id FROM public.categories WHERE slug = 'home-living'), '786fa773-33e5-4f38-b9e2-c1cecda876ae', 'voltage', 'Voltage', 'select', false, false, false, 180, '["220-240V","110V","Dual Voltage","12V","24V","Other"]'::jsonb),
('0e21d8c1-beb0-41cf-aabf-9ca178583de2', (SELECT id FROM public.categories WHERE slug = 'home-living'), '3e9f83f3-5366-4ebe-a6ac-7c68515e6e0c', 'warranty', 'Warranty', 'select', false, true, false, 190, '["No Warranty","1 Month","3 Months","6 Months","1 Year","2 Years","3+ Years"]'::jsonb),
('3591bbd4-f555-41d7-855e-a3136056ae04', (SELECT id FROM public.categories WHERE slug = 'home-living'), '786fa773-33e5-4f38-b9e2-c1cecda876ae', 'wattage', 'Wattage (W)', 'number', false, false, false, 200, NULL),
('0864a75f-0e8a-471a-a345-bfdb689f3eb5', (SELECT id FROM public.categories WHERE slug = 'home-living'), '786fa773-33e5-4f38-b9e2-c1cecda876ae', 'bulbType', 'Bulb Type', 'select', false, true, false, 210, '["LED","Incandescent","Halogen","Fluorescent","CFL","Smart Bulb","Other"]'::jsonb),
('51773214-a3db-4289-ae96-d6ceaf89eb9d', (SELECT id FROM public.categories WHERE slug = 'home-living'), 'ddbe685a-45dd-4211-8a8a-7233fea405b4', 'indoorOutdoor', 'Indoor / Outdoor', 'select', false, true, false, 220, '["Indoor","Outdoor","Both"]'::jsonb),
('f86572d6-1546-48e7-ad2d-75164780b4fe', (SELECT id FROM public.categories WHERE slug = 'home-living'), '3e9f83f3-5366-4ebe-a6ac-7c68515e6e0c', 'smartCompatible', 'Smart Compatible', 'select', false, true, false, 230, '["Yes","No"]'::jsonb),
('3362a063-079c-44db-ba02-5c2c9a1c34bb', (SELECT id FROM public.categories WHERE slug = 'home-living'), '786fa773-33e5-4f38-b9e2-c1cecda876ae', 'manualElectric', 'Operation Mode', 'select', false, true, false, 240, '["Manual","Electric","Battery Powered","Solar Powered","Petrol/Diesel"]'::jsonb),
('650f3862-068f-4b3a-b053-a63320a18e14', (SELECT id FROM public.categories WHERE slug = 'fashion'), '723310d8-ab37-486c-9c02-99bb72c48d97', 'category', 'Category', 'select', true, true, false, 10, NULL),
('be85d801-05e8-432f-b48b-05fbf88447f8', (SELECT id FROM public.categories WHERE slug = 'fashion'), '723310d8-ab37-486c-9c02-99bb72c48d97', 'subcategory', 'Item', 'select', true, true, false, 20, NULL),
('227fa00e-d36c-451d-959a-a89e7cbdaf30', (SELECT id FROM public.categories WHERE slug = 'fashion'), '2e74d6a7-9ba7-4398-9aa8-f1d63004b942', 'gender', 'Gender', 'select', true, true, false, 30, '["Men","Women","Unisex","Kids"]'::jsonb),
('8637fdc3-4fb2-4692-a6a7-d068b7678602', (SELECT id FROM public.categories WHERE slug = 'fashion'), '2e74d6a7-9ba7-4398-9aa8-f1d63004b942', 'size', 'Size', 'select', false, true, false, 40, '["XS","S","M","L","XL","XXL","XXXL","Free Size","US 6","US 7","US 8","US 9","US 10","US 11","US 12"]'::jsonb),
('3e32d027-6f31-4200-8a8f-1d707327d3ac', (SELECT id FROM public.categories WHERE slug = 'fashion'), '2e74d6a7-9ba7-4398-9aa8-f1d63004b942', 'brand', 'Brand', 'text', false, true, false, 50, NULL),
('332e2fc1-5510-4e81-9fc2-04f8862c1485', (SELECT id FROM public.categories WHERE slug = 'fashion'), '2e74d6a7-9ba7-4398-9aa8-f1d63004b942', 'color', 'Color', 'select', false, true, false, 60, '["Black","White","Grey","Brown","Beige","Navy","Blue","Red","Green","Yellow","Pink","Purple","Orange","Multi-color"]'::jsonb),
('f4f33047-95e0-4913-8697-46528c9db26c', (SELECT id FROM public.categories WHERE slug = 'beauty'), 'a9e494e2-4f6d-45e3-bde9-7941f4357605', 'category', 'Category', 'select', true, true, false, 10, NULL),
('03ec18b1-f64b-44e5-8dc8-7c510f92ea1c', (SELECT id FROM public.categories WHERE slug = 'beauty'), 'a9e494e2-4f6d-45e3-bde9-7941f4357605', 'subcategory', 'Item', 'select', true, true, false, 20, NULL),
('031b21b3-40e4-4e47-8854-93ce36250a3f', (SELECT id FROM public.categories WHERE slug = 'beauty'), '47e640a5-2258-472b-b87b-f848dffd362d', 'brand', 'Brand', 'text', false, true, false, 30, NULL),
('af68e431-56b9-4315-bd59-82a1a94170c4', (SELECT id FROM public.categories WHERE slug = 'beauty'), '47e640a5-2258-472b-b87b-f848dffd362d', 'targetGender', 'For', 'select', false, true, false, 40, '["Women","Men","Unisex"]'::jsonb),
('5b63187a-331b-4a6b-9a23-13da8e005fd6', (SELECT id FROM public.categories WHERE slug = 'services'), '294b8cec-40fb-4721-a24a-ba5f7761ee86', 'category', 'Service Category', 'select', true, true, false, 10, NULL),
('a0e5dab0-b0d7-4ddc-b13a-4940ab29a44e', (SELECT id FROM public.categories WHERE slug = 'services'), '294b8cec-40fb-4721-a24a-ba5f7761ee86', 'subcategory', 'Service Type', 'select', true, true, false, 20, NULL),
('f64342e9-d446-4075-b654-e3726114b671', (SELECT id FROM public.categories WHERE slug = 'services'), '294b8cec-40fb-4721-a24a-ba5f7761ee86', 'serviceMode', 'Service Mode', 'select', false, true, false, 30, '["On-site","Remote / Online","Both"]'::jsonb),
('654609c1-b1d9-4d07-8eb1-5dd0a343e8b3', (SELECT id FROM public.categories WHERE slug = 'services'), '294b8cec-40fb-4721-a24a-ba5f7761ee86', 'experience', 'Years of Experience', 'select', false, true, false, 40, '["Less than 1 Year","1-3 Years","3-5 Years","5-10 Years","10+ Years"]'::jsonb),
('7f2984c0-026e-4240-b7b6-3bb1ae327305', (SELECT id FROM public.categories WHERE slug = 'auto-spares'), '2c5728d7-5442-4d75-ac17-2088fbe6fd69', 'listingType', 'Listing Type', 'select', true, true, false, 10, '["spare-part","accessory"]'::jsonb),
('081f64da-5e26-494b-96ce-3aee24af8ae7', (SELECT id FROM public.categories WHERE slug = 'auto-spares'), 'a1abb40f-f98d-454b-9fc4-abf7f38bd438', 'partCategory', 'Part Category', 'select', true, true, false, 20, NULL),
('4ae96db1-b729-4b0f-b55c-73112afd3eae', (SELECT id FROM public.categories WHERE slug = 'auto-spares'), 'a1abb40f-f98d-454b-9fc4-abf7f38bd438', 'part', 'Spare Part', 'select', true, true, false, 30, NULL),
('29c9a550-0b65-49f8-b1ba-fffabf94ab96', (SELECT id FROM public.categories WHERE slug = 'auto-spares'), 'a1abb40f-f98d-454b-9fc4-abf7f38bd438', 'position', 'Position', 'select', false, false, false, 40, NULL),
('ffd1dc02-6cec-4c87-ae3d-dc4b4ebf91f4', (SELECT id FROM public.categories WHERE slug = 'auto-spares'), 'a1abb40f-f98d-454b-9fc4-abf7f38bd438', 'oemNumber', 'OEM Part Number', 'text', false, true, false, 50, NULL),
('3e754786-5e4b-4477-868f-134cd253766b', (SELECT id FROM public.categories WHERE slug = 'auto-spares'), 'a1abb40f-f98d-454b-9fc4-abf7f38bd438', 'accCategory', 'Accessory Group', 'select', true, true, false, 60, NULL),
('261d3286-d975-47fa-944a-26ea4c7f3bd4', (SELECT id FROM public.categories WHERE slug = 'auto-spares'), 'a1abb40f-f98d-454b-9fc4-abf7f38bd438', 'accSubcategory', 'Accessory Category', 'select', true, true, false, 70, NULL),
('710848f0-c193-4c24-bc10-5382ca8ead8d', (SELECT id FROM public.categories WHERE slug = 'auto-spares'), 'a1abb40f-f98d-454b-9fc4-abf7f38bd438', 'item', 'Accessory Item', 'select', true, true, false, 80, NULL),
('2dbb072c-a998-44de-9dbd-4c931bc79e08', (SELECT id FROM public.categories WHERE slug = 'auto-spares'), 'b81a40d8-3322-45fb-af6a-d9a525e8431f', 'compatibility', 'Compatibility', 'select', true, false, false, 90, '["UNIVERSAL","VEHICLE_CLASS","MAKE_SPECIFIC","MODEL_SPECIFIC"]'::jsonb),
('d737c2b0-d8a7-4597-8b4c-40426f049ae6', (SELECT id FROM public.categories WHERE slug = 'auto-spares'), 'b81a40d8-3322-45fb-af6a-d9a525e8431f', 'vehicleClass', 'Vehicle Class', 'select', true, true, false, 100, '["Car","SUV","Pickup","Truck","Motorcycle","Van","Bus","Commercial"]'::jsonb),
('ac16acf2-5778-4699-a641-88ca1a093bb6', (SELECT id FROM public.categories WHERE slug = 'auto-spares'), 'b81a40d8-3322-45fb-af6a-d9a525e8431f', 'make', 'Vehicle Make', 'select', true, true, false, 110, '["Alfa Romeo","Audi","BMW","Chevrolet","Chrysler","Citroën","Daihatsu","Dodge","Ferrari","Fiat","Ford","GAC","GMC","Great Wall","Honda","Hyundai","Infiniti","Isuzu","Jaguar","Jeep","Kia","Lamborghini","Land Rover","Lexus","Mahindra","Maserati","Mazda","Mercedes-Benz","Mini","Mitsubishi","Nissan","Peugeot","Porsche","Renault","Rolls-Royce","Rover","Saab","Ssangyong","Subaru","Suzuki","Toyota","Volkswagen","Volvo"]'::jsonb),
('37b35e95-f929-4807-aa96-d067b4f8f659', (SELECT id FROM public.categories WHERE slug = 'auto-spares'), 'b81a40d8-3322-45fb-af6a-d9a525e8431f', 'model', 'Vehicle Model', 'select', true, true, false, 120, NULL),
('d22e07ed-9d8c-4bf6-96ab-aa4c4f94299a', (SELECT id FROM public.categories WHERE slug = 'auto-spares'), 'b81a40d8-3322-45fb-af6a-d9a525e8431f', 'compatibleYear', 'Compatible Year', 'select', false, true, false, 130, '["2026","2025","2024","2023","2022","2021","2020","2019","2018","2017","2016","2015","2014","2013","2012","2011","2010","2009","2008","2007","2006","2005","2004","2003","2002","2001","2000","1999","1998","1997","1996","1995","1994","1993","1992","1991"]'::jsonb),
('1a4ad0b0-bd0d-45b6-8229-9e0267ca57f3', (SELECT id FROM public.categories WHERE slug = 'auto-spares'), 'b81a40d8-3322-45fb-af6a-d9a525e8431f', 'generation', 'Generation / Chassis', 'text', false, false, false, 140, NULL),
('ee5e09f1-fa93-463a-bf76-36744dca01fd', (SELECT id FROM public.categories WHERE slug = 'auto-spares'), 'b81a40d8-3322-45fb-af6a-d9a525e8431f', 'engine', 'Engine Code', 'text', false, false, false, 150, NULL),
('f9fb60eb-5337-4d93-8de1-c4eac9d98164', (SELECT id FROM public.categories WHERE slug = 'jobs'), '7235510b-c4d4-418e-9af9-510d7836e4a8', 'subcategory', 'Job Category', 'select', true, true, false, 10, NULL),
('5e8120e2-82aa-4e62-9de8-48aa23095398', (SELECT id FROM public.categories WHERE slug = 'jobs'), '7235510b-c4d4-418e-9af9-510d7836e4a8', 'employmentType', 'Employment Type', 'select', true, true, false, 20, '["Full Time","Part Time","Contract","Internship","Freelance","Remote"]'::jsonb),
('59ac24d9-74d3-4027-bd3f-a36fbe04d3c1', (SELECT id FROM public.categories WHERE slug = 'jobs'), '7235510b-c4d4-418e-9af9-510d7836e4a8', 'workArrangement', 'Work Arrangement', 'select', true, true, false, 30, '["On-site","Remote","Hybrid"]'::jsonb),
('7e7a7e96-11cd-408b-879e-5d36724533b2', (SELECT id FROM public.categories WHERE slug = 'jobs'), '92c6835e-2790-4986-8ece-7153e1e04de7', 'experienceLevel', 'Experience Level', 'select', true, true, false, 40, '["Entry Level","1-3 Years","3-5 Years","5-10 Years","10+ Years"]'::jsonb),
('ebe74cc8-f849-41a7-8162-ba9807d55653', (SELECT id FROM public.categories WHERE slug = 'jobs'), '92c6835e-2790-4986-8ece-7153e1e04de7', 'educationLevel', 'Education Level', 'select', true, true, false, 50, '["KCSE / O-Level","Certificate","Diploma","Bachelor''s Degree","Master''s Degree","PhD"]'::jsonb),
('6d5831d8-7d38-40fe-8ebb-20c6033a4d9a', (SELECT id FROM public.categories WHERE slug = 'jobs'), '7235510b-c4d4-418e-9af9-510d7836e4a8', 'industry', 'Industry', 'select', true, true, false, 60, '["IT & Technology","Finance & Banking","Healthcare","Education","NGO","Hospitality","Transport & Logistics","Agriculture","Construction","Media & Marketing","Sales","Admin & HR","Legal","Government","Other"]'::jsonb),
('3222ab3a-3c73-4664-a91c-3d3973f88645', (SELECT id FROM public.categories WHERE slug = 'jobs'), '5d17aae4-19cc-446a-b4e4-e458c4c0b669', 'salaryMin', 'Min Salary', 'number', false, true, false, 70, NULL),
('10b0c4fc-d7d9-442c-a83a-1cb080367989', (SELECT id FROM public.categories WHERE slug = 'jobs'), '5d17aae4-19cc-446a-b4e4-e458c4c0b669', 'salaryMax', 'Max Salary', 'number', false, true, false, 80, NULL),
('3fc5f9de-62ea-4904-9ae7-801a7d5d8750', (SELECT id FROM public.categories WHERE slug = 'seeking-work'), 'c86f1c3c-5194-4332-bc38-87e93e4da471', 'subcategory', 'Profession / Field', 'select', true, true, false, 10, NULL),
('a9e139c5-b823-49a9-89a6-b6d9f35dfda6', (SELECT id FROM public.categories WHERE slug = 'seeking-work'), 'c86f1c3c-5194-4332-bc38-87e93e4da471', 'employmentType', 'Employment Type Sought', 'select', true, true, false, 20, '["Full Time","Part Time","Contract","Internship","Freelance","Remote"]'::jsonb),
('100edd24-1be8-4032-b7ce-372bc6d10a68', (SELECT id FROM public.categories WHERE slug = 'seeking-work'), 'c86f1c3c-5194-4332-bc38-87e93e4da471', 'workArrangement', 'Preferred Work Arrangement', 'select', true, true, false, 30, '["On-site","Remote","Hybrid"]'::jsonb),
('cd96c8da-4da6-425e-9626-085673509c0d', (SELECT id FROM public.categories WHERE slug = 'seeking-work'), '0f1fb920-2e8b-4523-83a4-c95842237d25', 'experienceLevel', 'Experience Level', 'select', true, true, false, 40, '["Entry Level","1-3 Years","3-5 Years","5-10 Years","10+ Years"]'::jsonb),
('b750ea3c-6b77-49e4-99d4-1ed228348e5e', (SELECT id FROM public.categories WHERE slug = 'seeking-work'), '0f1fb920-2e8b-4523-83a4-c95842237d25', 'educationLevel', 'Highest Education Level', 'select', true, true, false, 50, '["KCSE / O-Level","Certificate","Diploma","Bachelor''s Degree","Master''s Degree","PhD"]'::jsonb),
('fbb267fb-0377-4697-a98c-01cfa9a153d8', (SELECT id FROM public.categories WHERE slug = 'seeking-work'), 'c86f1c3c-5194-4332-bc38-87e93e4da471', 'industry', 'Industry', 'select', true, true, false, 60, '["IT & Technology","Finance & Banking","Healthcare & Medical","Education & Teaching","NGO & Development","Hospitality & Tourism","Transport & Logistics","Agriculture & Farming","Construction & Engineering","Media & Marketing","Sales & Business Development","Admin & HR","Legal & Compliance","Government & Public Sector","Manufacturing","Security & Safety","Retail & Wholesale","Domestic & Household","Other"]'::jsonb),
('052db158-620c-450f-995e-b5faa992e2e2', (SELECT id FROM public.categories WHERE slug = 'seeking-work'), 'c86f1c3c-5194-4332-bc38-87e93e4da471', 'availability', 'Availability', 'select', true, true, false, 70, '["Immediately","2 Weeks Notice","1 Month Notice","Negotiable"]'::jsonb),
('0f4a401e-65fc-4e4c-87f2-51da885aeb45', (SELECT id FROM public.categories WHERE slug = 'seeking-work'), 'c86f1c3c-5194-4332-bc38-87e93e4da471', 'employmentStatus', 'Current Employment Status', 'select', true, false, false, 80, '["Employed","Unemployed","Self-employed","Student"]'::jsonb),
('5ccf61e4-ec8c-43e9-bced-324b3ee12973', (SELECT id FROM public.categories WHERE slug = 'seeking-work'), '0f1fb920-2e8b-4523-83a4-c95842237d25', 'skills', 'Key Skills', 'text', false, true, false, 90, NULL),
('3f92791e-ad0e-4c3b-be1e-248aedd2376e', (SELECT id FROM public.categories WHERE slug = 'seeking-work'), '0f1fb920-2e8b-4523-83a4-c95842237d25', 'languages', 'Languages', 'select', false, true, false, 100, '["English","Swahili","French","Arabic","Somali","Kikuyu","Luo","Kamba","Luhya","Kalenjin","Other"]'::jsonb),
('e61a9886-15d7-45ba-9705-153f3ec60f14', (SELECT id FROM public.categories WHERE slug = 'seeking-work'), '0f1fb920-2e8b-4523-83a4-c95842237d25', 'salaryMin', 'Expected Min Salary (KES)', 'number', false, true, false, 110, NULL),
('581a3dd6-42a6-41e3-9e9c-274d23f14f28', (SELECT id FROM public.categories WHERE slug = 'seeking-work'), '0f1fb920-2e8b-4523-83a4-c95842237d25', 'salaryMax', 'Expected Max Salary (KES)', 'number', false, true, false, 120, NULL),
('12fd0406-6470-44d6-921f-6e9bc066b2c4', (SELECT id FROM public.categories WHERE slug = 'seeking-work'), '0f1fb920-2e8b-4523-83a4-c95842237d25', 'salaryPeriod', 'Salary Period', 'select', false, false, false, 130, '["Monthly","Annual"]'::jsonb)
ON CONFLICT DO NOTHING;

