-- AdHubKenya Mass Metadata Seed SQL

INSERT INTO public.categories (id, slug, name, icon, level, order_index, is_active, allow_price, allow_negotiable, allow_location, allow_condition) VALUES 
('34603700-af45-487c-b318-47940e7bc553', 'phones-tablets', 'Phones & Tablets', '📱', 1, 30, true, true, true, true, true),
('df5a1533-a0ba-4c09-876a-a552f43d0b5b', 'electronics', 'Electronics', '💻', 1, 40, true, true, true, true, true),
('62a11f68-3a69-4d74-b7dd-6c9342517df7', 'home-living', 'Home & Living', '🛋️', 1, 50, true, true, true, true, true),
('a3575f13-c239-4a10-86fd-10cf77beeb70', 'fashion', 'Fashion', '👕', 1, 60, true, true, true, true, true),
('b4e2f126-dd5d-488c-87d7-c7df43a1b178', 'beauty', 'Health & Beauty', '💄', 1, 70, true, true, true, true, true),
('1e02408b-4a5b-4278-88cc-3927b2af68b7', 'services', 'Services', '🛠️', 1, 80, true, true, true, true, true),
('b56b21a0-7247-4f1a-97e8-9913d8ff4a67', 'repair-construction', 'Repair & Construction', '🏗️', 1, 90, true, true, true, true, true),
('f7e086fd-c8c8-4667-929c-b3a97044d1a7', 'commercial-equipment', 'Commercial Equipment', '🏭', 1, 100, true, true, true, true, true),
('89f8e807-bc7e-475f-82cf-8f14f8d9b2a6', 'commercial-vehicles', 'Commercial Vehicles', '🚛', 1, 110, true, true, true, true, true),
('16283611-6727-4478-b595-396d130909d2', 'leisure', 'Hobbies, Art & Sport', '🎨', 1, 120, true, true, true, true, true),
('40c818ab-ec05-4f16-8d08-a38fb4f967e4', 'babies-kids', 'Babies & Kids', '🧸', 1, 130, true, true, true, true, true),
('92e2c47b-05e9-4934-ae7b-d5f95d707006', 'food-agriculture', 'Agriculture & Food', '🌾', 1, 140, true, true, true, true, true),
('96cc4748-5836-4768-a57c-134b34cb6031', 'animals-pets', 'Animals & Pets', '🐕', 1, 150, true, true, true, true, true),
('ac60c9a9-6774-4612-9c55-3c1e5917470b', 'auto-spares', 'Auto Parts & Accessories', '⚙️', 1, 160, true, true, true, true, true),
('ccd44ccd-474b-442b-bcb8-b4969dc11aad', 'jobs', 'Jobs', '💼', 1, 170, true, true, true, true, true),
('17caefdf-84f6-4356-8327-f9d580f7ba96', 'seeking-work', 'Seeking Work', '📝', 1, 180, true, true, true, true, true)
ON CONFLICT (slug) DO UPDATE SET name = EXCLUDED.name, icon = EXCLUDED.icon;

INSERT INTO public.attribute_groups (id, category_id, name, order_index) VALUES 
('a327ec18-8fbe-4263-887e-f1d7a0575ff8', '34603700-af45-487c-b318-47940e7bc553', 'Device Info', 10),
('3b783a74-e855-4cc1-89d7-9a0e05630ac8', '34603700-af45-487c-b318-47940e7bc553', 'Technical Specifications', 20),
('a72dcd35-f732-40e8-831e-f9eb223e9fa3', 'df5a1533-a0ba-4c09-876a-a552f43d0b5b', 'Basic Information', 10),
('80b3139f-ee76-42bd-9509-261aa2b3b0a0', 'df5a1533-a0ba-4c09-876a-a552f43d0b5b', 'Processor (CPU)', 20),
('408f9fac-1aaf-44ba-b148-28cab150e4a8', 'df5a1533-a0ba-4c09-876a-a552f43d0b5b', 'Memory (RAM)', 30),
('84a6dbd9-da17-4cc9-b3b4-dd3d8c28374a', 'df5a1533-a0ba-4c09-876a-a552f43d0b5b', 'Storage', 40),
('d6fa325b-8ee1-430b-9fe4-572af0a43e4e', 'df5a1533-a0ba-4c09-876a-a552f43d0b5b', 'Graphics (GPU)', 50),
('aa6df91b-6407-4db2-8647-1335455b8253', 'df5a1533-a0ba-4c09-876a-a552f43d0b5b', 'Display', 60),
('08ef92c7-9e5d-4b7d-a958-9b3221173244', 'df5a1533-a0ba-4c09-876a-a552f43d0b5b', 'Camera', 70),
('c5c56cc7-7f7a-4077-9bfc-3ac7d75b533a', 'df5a1533-a0ba-4c09-876a-a552f43d0b5b', 'Battery & Charging', 80),
('a4e14019-96d0-4355-a28f-8e94766010d1', 'df5a1533-a0ba-4c09-876a-a552f43d0b5b', 'Form Factor', 90),
('746c7bb7-3b7d-4f35-982b-ec19196fb26d', 'df5a1533-a0ba-4c09-876a-a552f43d0b5b', 'Build & Design', 100),
('90192cfb-7462-4f75-b474-03a3b3c265d2', 'df5a1533-a0ba-4c09-876a-a552f43d0b5b', 'Input Devices', 110),
('51aadb21-333b-4b36-9530-4148856660bd', 'df5a1533-a0ba-4c09-876a-a552f43d0b5b', 'Audio', 120),
('3bd6a998-8a0b-4b2b-a228-a8ed67b21afa', 'df5a1533-a0ba-4c09-876a-a552f43d0b5b', 'Operating System', 130),
('2dc4a22e-4883-4a44-8727-d89a0251e5b3', 'df5a1533-a0ba-4c09-876a-a552f43d0b5b', 'Connectivity', 140),
('5dfcd7c3-d363-4155-8737-4c18a6c7a704', 'df5a1533-a0ba-4c09-876a-a552f43d0b5b', 'Ports', 150),
('cee63087-1917-46d8-8e9c-509c91a5124c', 'df5a1533-a0ba-4c09-876a-a552f43d0b5b', 'Security', 160),
('e5e070c8-2435-4d04-9754-8663106f5c86', 'df5a1533-a0ba-4c09-876a-a552f43d0b5b', 'Business Features', 170),
('9d9662fa-cf2d-4897-a68c-360a4b7a1c8f', 'df5a1533-a0ba-4c09-876a-a552f43d0b5b', 'Gaming Features', 180),
('43f262af-2e97-445e-9de3-0540f8f2ac6b', 'df5a1533-a0ba-4c09-876a-a552f43d0b5b', 'Cooling', 190),
('d6f5a713-b46f-4596-946c-0443a6a2a99e', 'df5a1533-a0ba-4c09-876a-a552f43d0b5b', 'Condition Details', 200),
('13ae1359-797f-4836-8837-73f1633e7f7d', 'df5a1533-a0ba-4c09-876a-a552f43d0b5b', 'Included Accessories', 210),
('5021d45f-4f8b-46ad-8de9-385d070f110b', 'df5a1533-a0ba-4c09-876a-a552f43d0b5b', 'Commercial Details', 220),
('34b06a9b-7179-425d-9355-67bb9a4fff20', 'df5a1533-a0ba-4c09-876a-a552f43d0b5b', 'Seller Details', 230),
('d05dba1b-676e-476d-9dd3-a1bc37beb39d', 'df5a1533-a0ba-4c09-876a-a552f43d0b5b', 'Specifications', 240),
('5c906d7e-f673-4cac-ac98-b66daf18a99d', '62a11f68-3a69-4d74-b7dd-6c9342517df7', 'Item Classification', 10),
('6b0dc7ff-f11c-4fcf-bc7a-bf3b1c5c34ba', '62a11f68-3a69-4d74-b7dd-6c9342517df7', 'Key Specifications', 20),
('0523991f-180e-49f9-8e17-bf01bc4cf367', '62a11f68-3a69-4d74-b7dd-6c9342517df7', 'Dimensions & Sizing', 30),
('aa36e849-7c60-4fc6-9b88-fa64b030db4f', '62a11f68-3a69-4d74-b7dd-6c9342517df7', 'Technical Details', 40),
('515c50f0-007a-4de2-b4e8-0c1a9fde0fec', '62a11f68-3a69-4d74-b7dd-6c9342517df7', 'Features & Extras', 50),
('23dfcce1-c332-4882-90ab-5f59a3bb84b8', 'a3575f13-c239-4a10-86fd-10cf77beeb70', 'Item Details', 10),
('490a93b3-4948-40dc-a690-797fccd5d771', 'a3575f13-c239-4a10-86fd-10cf77beeb70', 'Specifications', 20),
('47c214fc-3552-4f17-9622-250ae6fa348e', 'b4e2f126-dd5d-488c-87d7-c7df43a1b178', 'Product Details', 10),
('41975728-4757-4fba-b012-e77fbba76299', 'b4e2f126-dd5d-488c-87d7-c7df43a1b178', 'Specifications', 20),
('64bd62a0-b94c-4b15-a0e8-d34043d040ad', '1e02408b-4a5b-4278-88cc-3927b2af68b7', 'Service Details', 10),
('f465570d-2b8f-4b56-9b05-44b724d4325a', 'ac60c9a9-6774-4612-9c55-3c1e5917470b', 'Part Classification', 10),
('f0f36658-ecee-457c-a2a0-f3cfc5d8168e', 'ac60c9a9-6774-4612-9c55-3c1e5917470b', 'Part Details', 20),
('5fad6da8-a0a8-45e0-ae29-9523bdf93a13', 'ac60c9a9-6774-4612-9c55-3c1e5917470b', 'Vehicle Compatibility', 30),
('41a79a55-32b6-44d8-8405-7d75e59ec1a9', 'ccd44ccd-474b-442b-bcb8-b4969dc11aad', 'Job Details', 10),
('22353e81-d18d-4291-bf8f-c332f32b594b', 'ccd44ccd-474b-442b-bcb8-b4969dc11aad', 'Requirements', 20),
('804dd4d2-81f1-493a-b3eb-05d9aa190517', 'ccd44ccd-474b-442b-bcb8-b4969dc11aad', 'Compensation', 30),
('1907157f-82fb-4e61-946c-94929cb92c00', '17caefdf-84f6-4356-8327-f9d580f7ba96', 'Professional Profile', 10),
('c106ca69-dab8-4753-b722-eb20d960e8f2', '17caefdf-84f6-4356-8327-f9d580f7ba96', 'Qualifications & Experience', 20)
ON CONFLICT DO NOTHING;

INSERT INTO public.attributes (id, category_id, attribute_group_id, name, label, field_type, is_required, is_searchable, is_listing_card, display_order, options) VALUES 
('ce48b62b-0adb-4a19-b67b-dd9fdf9898a5', '34603700-af45-487c-b318-47940e7bc553', 'a327ec18-8fbe-4263-887e-f1d7a0575ff8', 'subcategory', 'Device Type', 'select', true, true, false, 10, NULL),
('d9bcc7c6-d4f1-43ac-a811-c14e8f8905db', '34603700-af45-487c-b318-47940e7bc553', 'a327ec18-8fbe-4263-887e-f1d7a0575ff8', 'brand', 'Brand', 'select', true, true, false, 20, NULL),
('50b099a6-acef-4f40-b3d6-7578d710f6d1', '34603700-af45-487c-b318-47940e7bc553', 'a327ec18-8fbe-4263-887e-f1d7a0575ff8', 'model', 'Model', 'select', true, true, false, 30, NULL),
('3791a43a-7b6f-44ce-94c8-e636b4908031', '34603700-af45-487c-b318-47940e7bc553', '3b783a74-e855-4cc1-89d7-9a0e05630ac8', 'storage', 'Internal Storage', 'select', true, true, false, 40, '["16GB","32GB","64GB","128GB","256GB","512GB","1TB"]'::jsonb),
('97abbecb-90e2-436b-9f88-56f2d1694d24', '34603700-af45-487c-b318-47940e7bc553', '3b783a74-e855-4cc1-89d7-9a0e05630ac8', 'ram', 'RAM', 'select', true, true, false, 50, '["2GB","3GB","4GB","6GB","8GB","12GB","16GB+"]'::jsonb),
('d28e5407-5e37-485f-8910-7157063cb0b8', '34603700-af45-487c-b318-47940e7bc553', '3b783a74-e855-4cc1-89d7-9a0e05630ac8', 'network', 'Network', 'select', false, true, false, 60, '["3G","4G LTE","5G"]'::jsonb),
('78d77582-c6bd-4f3b-afd1-20447826d01d', '34603700-af45-487c-b318-47940e7bc553', '3b783a74-e855-4cc1-89d7-9a0e05630ac8', 'os', 'Operating System', 'select', true, true, false, 70, '["Android","iOS","Windows","Other"]'::jsonb),
('4a0cd9e3-ed5b-4ed4-b020-99a4b45ab032', '34603700-af45-487c-b318-47940e7bc553', 'a327ec18-8fbe-4263-887e-f1d7a0575ff8', 'color', 'Color', 'select', true, true, false, 80, '["Black","White","Silver","Gold","Blue","Red","Green","Other"]'::jsonb),
('f5cb8e06-266b-4a07-9cfa-0525b0e8dc20', 'df5a1533-a0ba-4c09-876a-a552f43d0b5b', 'a72dcd35-f732-40e8-831e-f9eb223e9fa3', 'subcategory', 'Category', 'select', true, true, false, 10, NULL),
('c307591b-d1d9-488e-9245-97c4751c8ce4', 'df5a1533-a0ba-4c09-876a-a552f43d0b5b', 'a72dcd35-f732-40e8-831e-f9eb223e9fa3', 'brand', 'Brand', 'select', true, true, false, 20, NULL),
('e62b7e0f-524f-4e69-9f12-5541d1c7a8bf', 'df5a1533-a0ba-4c09-876a-a552f43d0b5b', 'a72dcd35-f732-40e8-831e-f9eb223e9fa3', 'series', 'Series', 'select', false, true, false, 30, NULL),
('0ab1db66-ab25-4576-a7b7-cb68d1cca27c', 'df5a1533-a0ba-4c09-876a-a552f43d0b5b', 'a72dcd35-f732-40e8-831e-f9eb223e9fa3', 'model', 'Model', 'select', true, true, false, 40, NULL),
('0922db4d-6656-4357-8f78-2373624ea9de', 'df5a1533-a0ba-4c09-876a-a552f43d0b5b', 'a72dcd35-f732-40e8-831e-f9eb223e9fa3', 'deviceType', 'Device Type', 'select', true, true, false, 50, '["Laptop","Desktop","All-in-One","Mini PC","Workstation","Server"]'::jsonb),
('2321eec4-88e5-4c3b-a9b0-07c70337b1ea', 'df5a1533-a0ba-4c09-876a-a552f43d0b5b', 'a72dcd35-f732-40e8-831e-f9eb223e9fa3', 'releaseYear', 'Release Year', 'text', false, true, false, 60, NULL),
('46fdee97-8111-4d69-8cdd-f7f4b85e7d07', 'df5a1533-a0ba-4c09-876a-a552f43d0b5b', '80b3139f-ee76-42bd-9509-261aa2b3b0a0', 'cpuBrand', 'Processor Brand', 'select', true, true, false, 70, '["Intel","AMD","Apple","Snapdragon (ARM)","Other"]'::jsonb),
('701132f5-0640-4662-89a4-f5414a7f2891', 'df5a1533-a0ba-4c09-876a-a552f43d0b5b', '80b3139f-ee76-42bd-9509-261aa2b3b0a0', 'cpuFamily', 'Processor Family', 'select', true, true, false, 80, '["Intel Core i3","Intel Core i5","Intel Core i7","Intel Core i9","Intel Core Ultra 5","Intel Core Ultra 7","Intel Core Ultra 9","Intel Xeon","Intel Pentium","Intel Celeron","AMD Ryzen 3","AMD Ryzen 5","AMD Ryzen 7","AMD Ryzen 9","AMD Threadripper","AMD Athlon","Apple M1","Apple M2","Apple M3","Apple M4","Snapdragon X Elite","Snapdragon X Plus"]'::jsonb),
('14a0a273-300c-46ac-ae0c-3e0522cd4ab0', 'df5a1533-a0ba-4c09-876a-a552f43d0b5b', '80b3139f-ee76-42bd-9509-261aa2b3b0a0', 'cpuGen', 'Processor Generation', 'select', false, true, false, 90, '["1st Gen","2nd Gen","3rd Gen","4th Gen","5th Gen","6th Gen","7th Gen","8th Gen","9th Gen","10th Gen","11th Gen","12th Gen","13th Gen","14th Gen","15th Gen (Core Ultra)","Ryzen 3000 Series","Ryzen 4000 Series","Ryzen 5000 Series","Ryzen 6000 Series","Ryzen 7000 Series","Ryzen 8000 Series","Base","Pro","Max","Ultra","Gen 1","Gen 2","Gen 3"]'::jsonb),
('d5685a2d-40a0-44ee-8567-2c7f798e2255', 'df5a1533-a0ba-4c09-876a-a552f43d0b5b', '80b3139f-ee76-42bd-9509-261aa2b3b0a0', 'cpuModel', 'Processor Model', 'text', false, false, false, 100, NULL),
('5c7f91db-d082-46d7-afb5-408cc69a409f', 'df5a1533-a0ba-4c09-876a-a552f43d0b5b', '80b3139f-ee76-42bd-9509-261aa2b3b0a0', 'cpuSpeed', 'Processor Speed (GHz)', 'text', false, false, false, 110, NULL),
('a807eecd-5738-4a8d-a167-507e0d05a7ba', 'df5a1533-a0ba-4c09-876a-a552f43d0b5b', '80b3139f-ee76-42bd-9509-261aa2b3b0a0', 'coreCount', 'Core Count', 'text', false, false, false, 120, NULL),
('d2b5b34d-6857-488d-bfcc-73914145c711', 'df5a1533-a0ba-4c09-876a-a552f43d0b5b', '80b3139f-ee76-42bd-9509-261aa2b3b0a0', 'threadCount', 'Thread Count', 'text', false, false, false, 130, NULL),
('e9fea43f-10cd-48d8-a27e-ddfdb25fb3ea', 'df5a1533-a0ba-4c09-876a-a552f43d0b5b', '80b3139f-ee76-42bd-9509-261aa2b3b0a0', 'turboBoostSpeed', 'Turbo Boost Speed', 'text', false, false, false, 140, NULL),
('1f141121-b526-4dcb-a734-68404d5dbb97', 'df5a1533-a0ba-4c09-876a-a552f43d0b5b', '80b3139f-ee76-42bd-9509-261aa2b3b0a0', 'cpuArchitecture', 'CPU Architecture', 'select', false, false, false, 150, '["x86","x64","ARM64"]'::jsonb),
('50a69767-47b3-45c9-b4f6-494c7a5c4333', 'df5a1533-a0ba-4c09-876a-a552f43d0b5b', '408f9fac-1aaf-44ba-b148-28cab150e4a8', 'ram', 'RAM Size', 'select', true, true, false, 160, '["8GB","16GB","32GB","64GB","128GB","256GB"]'::jsonb),
('00720744-2643-468b-8965-fa370f4cc2ff', 'df5a1533-a0ba-4c09-876a-a552f43d0b5b', '408f9fac-1aaf-44ba-b148-28cab150e4a8', 'ramType', 'RAM Type', 'select', true, true, false, 170, '["DDR3","DDR4","DDR5","LPDDR4","LPDDR4x","LPDDR5","LPDDR5x","Unified Memory"]'::jsonb),
('d7834909-881f-40a8-96fb-61ca18f3dbcf', 'df5a1533-a0ba-4c09-876a-a552f43d0b5b', '408f9fac-1aaf-44ba-b148-28cab150e4a8', 'ramSpeed', 'RAM Speed', 'text', false, false, false, 180, NULL),
('24064ccc-c53e-4fdd-a6e4-7217cf956dcc', 'df5a1533-a0ba-4c09-876a-a552f43d0b5b', '408f9fac-1aaf-44ba-b148-28cab150e4a8', 'ramSlots', 'RAM Slots', 'text', false, false, false, 190, NULL),
('70e498b7-164a-44ed-a1a2-2b68ed2932ee', 'df5a1533-a0ba-4c09-876a-a552f43d0b5b', '408f9fac-1aaf-44ba-b148-28cab150e4a8', 'maxSupportedRam', 'Maximum Supported RAM', 'select', false, false, false, 200, '["8GB","16GB","32GB","64GB","128GB","256GB"]'::jsonb),
('36bd4f75-8200-40a2-9823-c2ef40926a33', 'df5a1533-a0ba-4c09-876a-a552f43d0b5b', '408f9fac-1aaf-44ba-b148-28cab150e4a8', 'ramUpgradeable', 'RAM Upgradeable', 'select', false, false, false, 210, '["Yes","No"]'::jsonb),
('b3696267-1e80-4bff-9a41-b9e43a7531a5', 'df5a1533-a0ba-4c09-876a-a552f43d0b5b', '84a6dbd9-da17-4cc9-b3b4-dd3d8c28374a', 'storageType', 'Storage Type', 'select', true, true, false, 220, '["HDD","SATA SSD","NVMe PCIe 3.0 SSD","NVMe PCIe 4.0 SSD","NVMe PCIe 5.0 SSD","eMMC","Hybrid (HDD + SSD)"]'::jsonb),
('ed2015d6-5464-4b35-920b-028e7aabc500', 'df5a1533-a0ba-4c09-876a-a552f43d0b5b', '84a6dbd9-da17-4cc9-b3b4-dd3d8c28374a', 'storageSize', 'Storage Capacity', 'select', true, true, false, 230, '["128GB","256GB","512GB","1TB","2TB","4TB","8TB+"]'::jsonb),
('55983981-d652-4829-affa-25a58b54a258', 'df5a1533-a0ba-4c09-876a-a552f43d0b5b', '84a6dbd9-da17-4cc9-b3b4-dd3d8c28374a', 'secondaryStorage', 'Secondary Storage', 'text', false, false, false, 240, NULL),
('714e129b-4dc8-472c-b559-545ecd05f6f5', 'df5a1533-a0ba-4c09-876a-a552f43d0b5b', '84a6dbd9-da17-4cc9-b3b4-dd3d8c28374a', 'storageSlots', 'Storage Slots', 'text', false, false, false, 250, NULL),
('2cb6f4c1-9627-47ba-88a6-3a1300150097', 'df5a1533-a0ba-4c09-876a-a552f43d0b5b', '84a6dbd9-da17-4cc9-b3b4-dd3d8c28374a', 'numberOfDrives', 'Number of Drives', 'select', false, false, false, 260, '["1","2","3","4+"]'::jsonb),
('26951084-9095-479c-84ca-5f930d38aaa6', 'df5a1533-a0ba-4c09-876a-a552f43d0b5b', '84a6dbd9-da17-4cc9-b3b4-dd3d8c28374a', 'expandableStorage', 'Expandable Storage', 'select', false, false, false, 270, '["Yes","No"]'::jsonb),
('1a334cfd-7517-4621-9b10-670607f6e3a3', 'df5a1533-a0ba-4c09-876a-a552f43d0b5b', '84a6dbd9-da17-4cc9-b3b4-dd3d8c28374a', 'raidSupport', 'RAID Support', 'select', false, false, false, 280, '["Yes","No"]'::jsonb),
('ed6b4b3b-a6fd-4276-b61a-3318705cf059', 'df5a1533-a0ba-4c09-876a-a552f43d0b5b', 'd6fa325b-8ee1-430b-9fe4-572af0a43e4e', 'gpuType', 'GPU Type', 'select', true, true, false, 290, '["Integrated","Dedicated"]'::jsonb),
('3b7f65f2-4eb9-4695-b455-48eb4c21505f', 'df5a1533-a0ba-4c09-876a-a552f43d0b5b', 'd6fa325b-8ee1-430b-9fe4-572af0a43e4e', 'gpuBrand', 'GPU Brand', 'select', true, true, false, 300, '["Intel","AMD","NVIDIA","Apple","Qualcomm"]'::jsonb),
('bbf46665-7f84-4778-b27e-be76d9364dc7', 'df5a1533-a0ba-4c09-876a-a552f43d0b5b', 'd6fa325b-8ee1-430b-9fe4-572af0a43e4e', 'gpuSeries', 'GPU Series', 'text', false, true, false, 310, NULL),
('9c4d940c-6e60-48f5-ba88-a2e29f8a654f', 'df5a1533-a0ba-4c09-876a-a552f43d0b5b', 'd6fa325b-8ee1-430b-9fe4-572af0a43e4e', 'gpu', 'GPU Model', 'text', false, true, false, 320, NULL),
('be29a0e0-1d22-43cb-8834-cdbc64671dd0', 'df5a1533-a0ba-4c09-876a-a552f43d0b5b', 'd6fa325b-8ee1-430b-9fe4-572af0a43e4e', 'gpuMemory', 'GPU Memory', 'select', true, true, false, 330, '["Shared","2GB","4GB","6GB","8GB","10GB","12GB","16GB","24GB"]'::jsonb),
('d82fa12a-9d0f-4492-9d5d-36e294b1b7c3', 'df5a1533-a0ba-4c09-876a-a552f43d0b5b', 'd6fa325b-8ee1-430b-9fe4-572af0a43e4e', 'graphicsGeneration', 'Graphics Generation', 'text', false, false, false, 340, NULL),
('b616ea34-7480-44d0-81fd-6e2b90dacd74', 'df5a1533-a0ba-4c09-876a-a552f43d0b5b', 'd6fa325b-8ee1-430b-9fe4-572af0a43e4e', 'muxSwitch', 'MUX Switch', 'select', false, false, false, 350, '["Yes","No"]'::jsonb),
('5b31020f-7316-4714-b487-2424f6c7c8dd', 'df5a1533-a0ba-4c09-876a-a552f43d0b5b', 'd6fa325b-8ee1-430b-9fe4-572af0a43e4e', 'gpuPower', 'GPU Power (W)', 'text', false, false, false, 360, NULL),
('f156eba9-3aa3-47d7-8dc0-0fde4bfd3e7b', 'df5a1533-a0ba-4c09-876a-a552f43d0b5b', 'aa6df91b-6407-4db2-8647-1335455b8253', 'screenSize', 'Screen Size', 'select', true, true, false, 370, '["11\"","12\"","13\"","13.3\"","14\"","15\"","15.6\"","16\"","17\"","18\""]'::jsonb),
('ac98a0ce-74de-4816-a2b8-e02b1c4435dd', 'df5a1533-a0ba-4c09-876a-a552f43d0b5b', 'aa6df91b-6407-4db2-8647-1335455b8253', 'resolution', 'Resolution', 'select', true, true, false, 380, '["HD (1366x768)","FHD (1920x1080)","WUXGA (1920x1200)","QHD (2560x1440)","QHD+ (2560x1600)","3K","4K UHD (3840x2160)"]'::jsonb),
('1deb5dc8-5a44-4ab1-b8c4-5c67b2b8351f', 'df5a1533-a0ba-4c09-876a-a552f43d0b5b', 'aa6df91b-6407-4db2-8647-1335455b8253', 'refreshRate', 'Refresh Rate', 'select', true, true, false, 390, '["60Hz","90Hz","120Hz","144Hz","165Hz","240Hz","300Hz","360Hz+"]'::jsonb),
('08341bc0-57d5-46db-bbe4-728be915b00c', 'df5a1533-a0ba-4c09-876a-a552f43d0b5b', 'aa6df91b-6407-4db2-8647-1335455b8253', 'panelType', 'Panel Type', 'select', true, false, false, 400, '["IPS","OLED","Mini-LED","TN","VA","Liquid Retina XDR"]'::jsonb),
('ad424708-2a52-427b-bbbc-307d62df5b82', 'df5a1533-a0ba-4c09-876a-a552f43d0b5b', 'aa6df91b-6407-4db2-8647-1335455b8253', 'screenFinish', 'Screen Finish', 'select', false, false, false, 410, '["Matte / Anti-Glare","Glossy"]'::jsonb),
('41d49b67-00a3-4cb2-976c-bbbde434083f', 'df5a1533-a0ba-4c09-876a-a552f43d0b5b', 'aa6df91b-6407-4db2-8647-1335455b8253', 'brightness', 'Brightness (nits)', 'text', false, false, false, 420, NULL),
('60f6e111-1d76-4c41-b950-cdc58f383be0', 'df5a1533-a0ba-4c09-876a-a552f43d0b5b', 'aa6df91b-6407-4db2-8647-1335455b8253', 'aspectRatio', 'Aspect Ratio', 'select', false, false, false, 430, '["16:9","16:10","3:2"]'::jsonb),
('fcfc3e71-5ff6-49a5-a4f2-874d0cc29c84', 'df5a1533-a0ba-4c09-876a-a552f43d0b5b', 'aa6df91b-6407-4db2-8647-1335455b8253', 'colorAccuracy', 'Color Accuracy', 'select', false, false, false, 440, '["100% sRGB","100% DCI-P3","100% Adobe RGB","Standard"]'::jsonb),
('7ae4acec-d99a-4e06-925a-4dfa3fffb3ba', 'df5a1533-a0ba-4c09-876a-a552f43d0b5b', 'aa6df91b-6407-4db2-8647-1335455b8253', 'touchscreen', 'Touchscreen', 'select', false, true, false, 450, '["Yes","No"]'::jsonb),
('8332dc81-b5ae-46d8-b2ad-ee4e8063f92e', 'df5a1533-a0ba-4c09-876a-a552f43d0b5b', 'aa6df91b-6407-4db2-8647-1335455b8253', 'screenToBodyRatio', 'Screen-to-Body Ratio', 'text', false, false, false, 460, NULL),
('606676ea-0e37-4ee6-be55-df0cbf6d3348', 'df5a1533-a0ba-4c09-876a-a552f43d0b5b', '08ef92c7-9e5d-4b7d-a958-9b3221173244', 'webcamResolution', 'Webcam Resolution', 'select', false, false, false, 470, '["720p","1080p","1440p","4K","None"]'::jsonb),
('d29d164d-88c7-43a5-90e8-e932ff6eb946', 'df5a1533-a0ba-4c09-876a-a552f43d0b5b', '08ef92c7-9e5d-4b7d-a958-9b3221173244', 'privacyShutter', 'Privacy Shutter', 'select', false, false, false, 480, '["Yes","No"]'::jsonb),
('08b3e849-1a42-4713-888f-77c16d1e949e', 'df5a1533-a0ba-4c09-876a-a552f43d0b5b', 'c5c56cc7-7f7a-4077-9bfc-3ac7d75b533a', 'batteryHealth', 'Battery Health', 'select', true, true, false, 490, '["Excellent (90-100%)","Good (80-89%)","Fair (70-79%)","Poor (<70%)"]'::jsonb),
('c1967317-ce50-41b5-95c5-761164f82100', 'df5a1533-a0ba-4c09-876a-a552f43d0b5b', 'c5c56cc7-7f7a-4077-9bfc-3ac7d75b533a', 'batteryCondition', 'Battery Condition', 'text', false, false, false, 500, NULL),
('2f9b854b-0444-4d62-938a-fffbc5b2f5ac', 'df5a1533-a0ba-4c09-876a-a552f43d0b5b', 'c5c56cc7-7f7a-4077-9bfc-3ac7d75b533a', 'batteryLife', 'Battery Life (Hours)', 'text', false, false, false, 510, NULL),
('59071c4f-954f-4b82-af22-6b81adf4d732', 'df5a1533-a0ba-4c09-876a-a552f43d0b5b', 'c5c56cc7-7f7a-4077-9bfc-3ac7d75b533a', 'batteryCapacity', 'Battery Capacity (Wh)', 'text', false, false, false, 520, NULL),
('1ebd3ac6-f49f-42ff-907e-b2f12c04c99a', 'df5a1533-a0ba-4c09-876a-a552f43d0b5b', 'c5c56cc7-7f7a-4077-9bfc-3ac7d75b533a', 'chargingType', 'Charging Type', 'select', false, false, false, 530, '["Barrel Plug","USB-C","MagSafe"]'::jsonb),
('1189caf8-96ce-410b-9a95-ffdb26850759', 'df5a1533-a0ba-4c09-876a-a552f43d0b5b', 'c5c56cc7-7f7a-4077-9bfc-3ac7d75b533a', 'fastCharging', 'Fast Charging', 'select', false, false, false, 540, '["Yes","No"]'::jsonb),
('728e3961-7d86-4eb4-9db1-faf4b8891663', 'df5a1533-a0ba-4c09-876a-a552f43d0b5b', 'c5c56cc7-7f7a-4077-9bfc-3ac7d75b533a', 'chargerWattage', 'Charger Wattage (W)', 'text', false, false, false, 550, NULL),
('d454cd56-69ad-4610-9288-dc7d1a18cfad', 'df5a1533-a0ba-4c09-876a-a552f43d0b5b', 'c5c56cc7-7f7a-4077-9bfc-3ac7d75b533a', 'originalCharger', 'Original Charger Included', 'select', false, false, false, 560, '["Yes","No"]'::jsonb),
('747262eb-c641-4b97-bdab-6ade75011352', 'df5a1533-a0ba-4c09-876a-a552f43d0b5b', 'a4e14019-96d0-4355-a28f-8e94766010d1', 'formFactor', 'Laptop Form Factor', 'select', false, false, false, 570, '["Traditional Clamshell","2-in-1 Convertible","2-in-1 Detachable","Dual Screen"]'::jsonb),
('3bba9afe-fe29-487c-84e7-4e824aee2f7a', 'df5a1533-a0ba-4c09-876a-a552f43d0b5b', 'a4e14019-96d0-4355-a28f-8e94766010d1', 'openingAngle', 'Opening Angle', 'select', false, false, false, 580, '["135 Degrees","180 Degrees","360 Degrees"]'::jsonb),
('f103a4bf-301d-4b1a-9437-418f4870c64a', 'df5a1533-a0ba-4c09-876a-a552f43d0b5b', 'a4e14019-96d0-4355-a28f-8e94766010d1', 'foldType', 'Fold Type', 'text', false, false, false, 590, NULL),
('7f14f126-f8d6-486b-9109-adc0f0f8790f', 'df5a1533-a0ba-4c09-876a-a552f43d0b5b', '746c7bb7-3b7d-4f35-982b-ec19196fb26d', 'color', 'Color', 'text', true, true, false, 600, NULL),
('31e88e1e-920c-4e5b-9f35-98de3d05565e', 'df5a1533-a0ba-4c09-876a-a552f43d0b5b', '746c7bb7-3b7d-4f35-982b-ec19196fb26d', 'material', 'Material', 'select', false, false, false, 610, '["Plastic","Aluminum","Magnesium Alloy","Carbon Fiber","Glass"]'::jsonb),
('9742ad68-ac08-4811-8070-c53ade2ae318', 'df5a1533-a0ba-4c09-876a-a552f43d0b5b', '746c7bb7-3b7d-4f35-982b-ec19196fb26d', 'weight', 'Weight (kg)', 'text', false, false, false, 620, NULL),
('b64d7ffa-cdbb-417c-b445-eb83da84ef18', 'df5a1533-a0ba-4c09-876a-a552f43d0b5b', '746c7bb7-3b7d-4f35-982b-ec19196fb26d', 'bodyCondition', 'Body Condition', 'text', false, false, false, 630, NULL),
('d220682a-8160-43ab-95d0-c244893e09be', 'df5a1533-a0ba-4c09-876a-a552f43d0b5b', '746c7bb7-3b7d-4f35-982b-ec19196fb26d', 'scratchLevel', 'Scratch Level', 'select', false, false, false, 640, '["None","Light/Micro-scratches","Moderate","Heavy"]'::jsonb),
('ba82936f-b63b-47dc-aab7-f9b13905ff7b', 'df5a1533-a0ba-4c09-876a-a552f43d0b5b', '746c7bb7-3b7d-4f35-982b-ec19196fb26d', 'screenCondition', 'Screen Condition', 'text', false, false, false, 650, NULL),
('229bd86f-4dca-4473-bb5b-f8741c8278c7', 'df5a1533-a0ba-4c09-876a-a552f43d0b5b', '746c7bb7-3b7d-4f35-982b-ec19196fb26d', 'keyboardCondition', 'Keyboard Condition', 'text', false, false, false, 660, NULL),
('264cd221-3ba4-4348-b4be-95dcfa7224e6', 'df5a1533-a0ba-4c09-876a-a552f43d0b5b', '746c7bb7-3b7d-4f35-982b-ec19196fb26d', 'hingeCondition', 'Hinge Condition', 'text', false, false, false, 670, NULL),
('447ce3cd-5bff-429c-b4e3-d76c8d9994d1', 'df5a1533-a0ba-4c09-876a-a552f43d0b5b', '90192cfb-7462-4f75-b474-03a3b3c265d2', 'keyboardType', 'Keyboard Type', 'select', false, false, false, 680, '["Chiclet / Membrane","Mechanical","Optical-Mechanical"]'::jsonb),
('f33c1c7c-a6f6-4e20-a8f5-43fce76fa9ad', 'df5a1533-a0ba-4c09-876a-a552f43d0b5b', '90192cfb-7462-4f75-b474-03a3b3c265d2', 'keyboardLayout', 'Keyboard Layout', 'select', false, false, false, 690, '["US English","UK English","Arabic","French","Other"]'::jsonb),
('85643e80-8b5c-4e19-8dc5-a86d5660185e', 'df5a1533-a0ba-4c09-876a-a552f43d0b5b', '90192cfb-7462-4f75-b474-03a3b3c265d2', 'keyboardBacklight', 'Keyboard Backlight', 'select', false, false, false, 700, '["Yes","No"]'::jsonb),
('d0bf4dfa-e005-4f47-9727-95c0616f029c', 'df5a1533-a0ba-4c09-876a-a552f43d0b5b', '90192cfb-7462-4f75-b474-03a3b3c265d2', 'numericKeypad', 'Numeric Keypad', 'select', false, false, false, 710, '["Yes","No"]'::jsonb),
('95cc2d32-1f38-4dd8-a1b2-5f49bd2c5ed6', 'df5a1533-a0ba-4c09-876a-a552f43d0b5b', '90192cfb-7462-4f75-b474-03a3b3c265d2', 'trackpadType', 'Trackpad Type', 'select', false, false, false, 720, '["Mechanical Clickpad","Haptic Touchpad"]'::jsonb),
('7b99aba3-26e6-48e2-bf27-832b58e5606d', 'df5a1533-a0ba-4c09-876a-a552f43d0b5b', '90192cfb-7462-4f75-b474-03a3b3c265d2', 'stylusSupport', 'Stylus Support', 'select', false, false, false, 730, '["Yes","No"]'::jsonb),
('77704c39-adee-4f09-9188-6c23e641f097', 'df5a1533-a0ba-4c09-876a-a552f43d0b5b', '90192cfb-7462-4f75-b474-03a3b3c265d2', 'stylusIncluded', 'Stylus Included', 'select', false, false, false, 740, '["Yes","No"]'::jsonb),
('92894df8-5677-4b48-86fb-84083725d2cf', 'df5a1533-a0ba-4c09-876a-a552f43d0b5b', '51aadb21-333b-4b36-9530-4148856660bd', 'speakerCount', 'Speaker Count', 'text', false, false, false, 750, NULL),
('1c537a6b-b62f-4842-865f-1087653d7e8d', 'df5a1533-a0ba-4c09-876a-a552f43d0b5b', '51aadb21-333b-4b36-9530-4148856660bd', 'audioCertification', 'Audio Certification', 'text', false, false, false, 760, NULL),
('c9c5478a-547c-48c1-ac56-b1138eae4ff1', 'df5a1533-a0ba-4c09-876a-a552f43d0b5b', '51aadb21-333b-4b36-9530-4148856660bd', 'builtInMicrophone', 'Built-in Microphone', 'select', false, false, false, 770, '["Yes","No"]'::jsonb),
('8bc3ce1b-5c8d-4f50-8f9c-8ad0fdec90ae', 'df5a1533-a0ba-4c09-876a-a552f43d0b5b', '3bd6a998-8a0b-4b2b-a228-a8ed67b21afa', 'os', 'Operating System', 'select', true, true, false, 780, '["Windows 10","Windows 11","macOS","Linux","ChromeOS","DOS / No OS"]'::jsonb),
('dbe32272-213a-42f2-886d-1628d0e8ce3f', 'df5a1533-a0ba-4c09-876a-a552f43d0b5b', '3bd6a998-8a0b-4b2b-a228-a8ed67b21afa', 'osVersion', 'OS Version', 'text', false, false, false, 790, NULL),
('d0d57f0c-a9ee-4e07-afe1-de2ef312369f', 'df5a1533-a0ba-4c09-876a-a552f43d0b5b', '3bd6a998-8a0b-4b2b-a228-a8ed67b21afa', 'licenseIncluded', 'License Included', 'select', false, false, false, 800, '["Yes","No"]'::jsonb),
('5efa6056-1e89-4884-90ec-774c9911aaec', 'df5a1533-a0ba-4c09-876a-a552f43d0b5b', '2dc4a22e-4883-4a44-8727-d89a0251e5b3', 'wifi', 'Wi-Fi', 'select', false, true, false, 810, '["Wi-Fi 5 (802.11ac)","Wi-Fi 6 (802.11ax)","Wi-Fi 6E","Wi-Fi 7","None"]'::jsonb),
('311b954c-032b-4014-84d8-d0b2cffac154', 'df5a1533-a0ba-4c09-876a-a552f43d0b5b', '2dc4a22e-4883-4a44-8727-d89a0251e5b3', 'bluetooth', 'Bluetooth', 'text', false, false, false, 820, NULL),
('134a15dc-e305-4934-8694-40e42dadccb1', 'df5a1533-a0ba-4c09-876a-a552f43d0b5b', '2dc4a22e-4883-4a44-8727-d89a0251e5b3', 'lte', 'LTE Support', 'select', false, false, false, 830, '["Yes","No"]'::jsonb),
('34f6ff23-23c5-40b4-860a-f57480e47976', 'df5a1533-a0ba-4c09-876a-a552f43d0b5b', '2dc4a22e-4883-4a44-8727-d89a0251e5b3', '5g', '5G Support', 'select', false, false, false, 840, '["Yes","No"]'::jsonb),
('8411314a-2d18-4bb1-aad3-57031f75f72f', 'df5a1533-a0ba-4c09-876a-a552f43d0b5b', '2dc4a22e-4883-4a44-8727-d89a0251e5b3', 'ethernet', 'Ethernet', 'select', false, false, false, 850, '["Yes","No"]'::jsonb),
('bf4e937c-24cc-4922-b668-5b7205d4c20e', 'df5a1533-a0ba-4c09-876a-a552f43d0b5b', '5dfcd7c3-d363-4155-8737-4c18a6c7a704', 'ports', 'Ports', 'multiselect', false, true, false, 860, '["USB-A","USB-C","Thunderbolt","HDMI","Mini HDMI","DisplayPort","Mini DisplayPort","Ethernet Port","Audio Jack","SD Card Reader","MicroSD Reader","VGA","Dock Connector"]'::jsonb),
('b8d7b34f-e705-4746-b9dc-7dd9a31fbb21', 'df5a1533-a0ba-4c09-876a-a552f43d0b5b', 'cee63087-1917-46d8-8e9c-509c91a5124c', 'fingerprintReader', 'Fingerprint Reader', 'select', false, true, false, 870, '["Yes","No"]'::jsonb),
('445aca5f-68d7-49ac-ac13-dd04f466ed82', 'df5a1533-a0ba-4c09-876a-a552f43d0b5b', 'cee63087-1917-46d8-8e9c-509c91a5124c', 'faceUnlock', 'Face Unlock', 'select', false, false, false, 880, '["Yes","No"]'::jsonb),
('69c77e1b-66fc-4c2e-bfff-2459599d061b', 'df5a1533-a0ba-4c09-876a-a552f43d0b5b', 'cee63087-1917-46d8-8e9c-509c91a5124c', 'tpm', 'TPM', 'select', false, false, false, 890, '["Yes","No"]'::jsonb),
('92195201-2ef5-48c3-b252-389292149ae5', 'df5a1533-a0ba-4c09-876a-a552f43d0b5b', 'cee63087-1917-46d8-8e9c-509c91a5124c', 'smartCardReader', 'Smart Card Reader', 'select', false, false, false, 900, '["Yes","No"]'::jsonb),
('67043321-5e46-4d59-84fe-135578b390b1', 'df5a1533-a0ba-4c09-876a-a552f43d0b5b', 'cee63087-1917-46d8-8e9c-509c91a5124c', 'kensingtonLock', 'Kensington Lock', 'select', false, false, false, 910, '["Yes","No"]'::jsonb),
('0470163b-c775-45db-9197-ace95968210b', 'df5a1533-a0ba-4c09-876a-a552f43d0b5b', 'e5e070c8-2435-4d04-9754-8663106f5c86', 'dockingSupport', 'Docking Support', 'select', false, false, false, 920, '["Yes","No"]'::jsonb),
('f5e475ba-7ccc-482b-873e-c365cced51a7', 'df5a1533-a0ba-4c09-876a-a552f43d0b5b', 'e5e070c8-2435-4d04-9754-8663106f5c86', 'vPro', 'vPro', 'select', false, false, false, 930, '["Yes","No"]'::jsonb),
('08cfa149-63f8-4477-8a4c-3c3956561337', 'df5a1533-a0ba-4c09-876a-a552f43d0b5b', 'e5e070c8-2435-4d04-9754-8663106f5c86', 'enterpriseGrade', 'Enterprise Grade', 'select', false, false, false, 940, '["Yes","No"]'::jsonb),
('a08f328c-d15f-43e2-a261-29f5f78538ea', 'df5a1533-a0ba-4c09-876a-a552f43d0b5b', '9d9662fa-cf2d-4897-a68c-360a4b7a1c8f', 'rgbKeyboard', 'RGB Keyboard', 'select', false, true, false, 950, '["Yes","No"]'::jsonb),
('81bf66c4-29f9-4dab-be71-65d6c0402305', 'df5a1533-a0ba-4c09-876a-a552f43d0b5b', '9d9662fa-cf2d-4897-a68c-360a4b7a1c8f', 'rgbZones', 'RGB Zones', 'text', false, false, false, 960, NULL),
('6e770150-a69a-492d-8f90-a7fbf9a5b86d', 'df5a1533-a0ba-4c09-876a-a552f43d0b5b', '9d9662fa-cf2d-4897-a68c-360a4b7a1c8f', 'vrReady', 'VR Ready', 'select', false, false, false, 970, '["Yes","No"]'::jsonb),
('15d13e2e-ff38-4f64-a681-8d7e95a03801', 'df5a1533-a0ba-4c09-876a-a552f43d0b5b', '43f262af-2e97-445e-9de3-0540f8f2ac6b', 'coolingType', 'Cooling Type', 'select', false, false, false, 980, '["Passive (Fanless)","Single Fan","Dual Fan","Liquid Cooling","Vapor Chamber"]'::jsonb),
('99ec7d0a-3bf5-445e-a49a-217adb39c0db', 'df5a1533-a0ba-4c09-876a-a552f43d0b5b', '43f262af-2e97-445e-9de3-0540f8f2ac6b', 'coolingCondition', 'Cooling Condition', 'text', false, false, false, 990, NULL),
('eae8070f-d9ee-44f5-b9c8-13b301dbe4a8', 'df5a1533-a0ba-4c09-876a-a552f43d0b5b', 'd6f5a713-b46f-4596-946c-0443a6a2a99e', 'condition', 'Condition', 'select', true, true, false, 1000, '["Excellent","Good","Fair","Requires Repair"]'::jsonb),
('39c72c9a-c3ce-44d9-85a3-d52495deb3f0', 'df5a1533-a0ba-4c09-876a-a552f43d0b5b', 'd6f5a713-b46f-4596-946c-0443a6a2a99e', 'physicalCondition', 'Physical Condition', 'text', false, false, false, 1010, NULL),
('177bc962-dee3-4848-b2e6-35037f031808', 'df5a1533-a0ba-4c09-876a-a552f43d0b5b', 'd6f5a713-b46f-4596-946c-0443a6a2a99e', 'usageHistory', 'Usage History', 'select', false, false, false, 1020, '["Light/Office Use","Gaming","Programming","Graphic Design","Heavy Rendering"]'::jsonb),
('13dfbafd-535c-4cc3-9779-f68945826d97', 'df5a1533-a0ba-4c09-876a-a552f43d0b5b', 'd6f5a713-b46f-4596-946c-0443a6a2a99e', 'ownership', 'Ownership', 'select', false, false, false, 1030, '["First Owner","Second Owner","Multiple Owners","Company Owned"]'::jsonb),
('def99fd0-0cc3-4e5c-998e-5c52f532bbfb', 'df5a1533-a0ba-4c09-876a-a552f43d0b5b', '13ae1359-797f-4836-8837-73f1633e7f7d', 'includedAccessories', 'Included Accessories', 'multiselect', false, true, false, 1040, '["Original Box","Charger","Bag","Mouse","Dock","Stylus","Adapter","Laptop Sleeve","Cooling Pad","External Keyboard"]'::jsonb),
('14cbda6b-a6d7-45e2-bc3d-6524831760e4', 'df5a1533-a0ba-4c09-876a-a552f43d0b5b', '5021d45f-4f8b-46ad-8de9-385d070f110b', 'warranty', 'Warranty', 'text', false, false, false, 1050, NULL),
('cc8d0574-82c4-42d3-a8ca-32cb0598e703', 'df5a1533-a0ba-4c09-876a-a552f43d0b5b', '5021d45f-4f8b-46ad-8de9-385d070f110b', 'availability', 'Availability', 'select', false, false, false, 1060, '["In Stock","Pre-order","Out of Stock"]'::jsonb),
('29070ef4-736e-42e8-a676-c0c387e44660', 'df5a1533-a0ba-4c09-876a-a552f43d0b5b', '5021d45f-4f8b-46ad-8de9-385d070f110b', 'negotiable', 'Negotiable', 'select', false, false, false, 1070, '["Yes","No"]'::jsonb),
('ef60e373-acf3-4ed5-accb-28794c8f2086', 'df5a1533-a0ba-4c09-876a-a552f43d0b5b', '34b06a9b-7179-425d-9355-67bb9a4fff20', 'reasonForSelling', 'Reason For Selling', 'text', false, false, false, 1080, NULL),
('3b1a5f6f-96fd-40eb-b0ea-11b448889ae1', 'df5a1533-a0ba-4c09-876a-a552f43d0b5b', '34b06a9b-7179-425d-9355-67bb9a4fff20', 'purchaseDate', 'Purchase Date', 'text', false, false, false, 1090, NULL),
('5c15454c-7b7d-420b-8eea-a2eb00242042', 'df5a1533-a0ba-4c09-876a-a552f43d0b5b', '34b06a9b-7179-425d-9355-67bb9a4fff20', 'receiptAvailable', 'Receipt Available', 'select', false, false, false, 1100, '["Yes","No"]'::jsonb),
('90bf3ece-8c35-470b-bd76-d4ef15baa709', 'df5a1533-a0ba-4c09-876a-a552f43d0b5b', 'a72dcd35-f732-40e8-831e-f9eb223e9fa3', 'tvBrand', 'Brand', 'select', true, true, false, 1110, NULL),
('35cac127-99ee-4b54-ace7-a7ba2ec3ec9c', 'df5a1533-a0ba-4c09-876a-a552f43d0b5b', 'a72dcd35-f732-40e8-831e-f9eb223e9fa3', 'tvSeries', 'Series / Line', 'select', false, true, false, 1120, NULL),
('3333f98f-4f5e-4f9a-a1ab-f2865b71a212', 'df5a1533-a0ba-4c09-876a-a552f43d0b5b', 'd05dba1b-676e-476d-9dd3-a1bc37beb39d', 'screenSizeTv', 'Screen Size', 'select', true, true, false, 1130, '["32\"","40\"","43\"","50\"","55\"","65\"","75\"","85\"+"]'::jsonb),
('00861484-155f-44ad-8247-5e01d2f47db3', 'df5a1533-a0ba-4c09-876a-a552f43d0b5b', 'd05dba1b-676e-476d-9dd3-a1bc37beb39d', 'displayTech', 'Display Technology', 'select', true, true, false, 1140, '["LED","OLED","QLED","NanoCell","Plasma"]'::jsonb),
('e46047b4-4112-498b-a0fd-93e26d86f47b', 'df5a1533-a0ba-4c09-876a-a552f43d0b5b', 'd05dba1b-676e-476d-9dd3-a1bc37beb39d', 'resolution', 'Resolution', 'select', true, true, false, 1150, '["HD","Full HD","4K UHD","8K"]'::jsonb),
('2a893164-2e62-4036-9cfa-2df502dd5de0', 'df5a1533-a0ba-4c09-876a-a552f43d0b5b', 'd05dba1b-676e-476d-9dd3-a1bc37beb39d', 'smartPlatform', 'Smart Platform', 'select', false, true, false, 1160, '["Android TV","Google TV","WebOS","Tizen","VIDAA","Roku","Non Smart"]'::jsonb),
('7d769ca5-2a47-47c5-9d0c-dcd7c57ac822', 'df5a1533-a0ba-4c09-876a-a552f43d0b5b', 'a72dcd35-f732-40e8-831e-f9eb223e9fa3', 'equipmentType', 'Equipment Type', 'select', true, true, false, 1170, NULL),
('a02e0836-704c-4b93-ad7e-28b0d2dac68d', 'df5a1533-a0ba-4c09-876a-a552f43d0b5b', 'a72dcd35-f732-40e8-831e-f9eb223e9fa3', 'audioBrand', 'Brand', 'select', true, true, false, 1180, NULL),
('df67a846-ebe5-46b9-a43d-409124ddffce', 'df5a1533-a0ba-4c09-876a-a552f43d0b5b', 'd05dba1b-676e-476d-9dd3-a1bc37beb39d', 'channels', 'Channels', 'select', false, true, false, 1190, '["2.0","2.1","3.1","5.0","5.1","7.1","9.1","11.1"]'::jsonb),
('fd0a6092-c7b6-42be-9d05-f8c9fb7d4014', 'df5a1533-a0ba-4c09-876a-a552f43d0b5b', 'd05dba1b-676e-476d-9dd3-a1bc37beb39d', 'connectivity', 'Connectivity', 'multiselect', false, true, false, 1200, '["Bluetooth","Wi-Fi","HDMI","HDMI ARC","HDMI eARC","USB","Optical","AUX"]'::jsonb),
('4df502b9-6e43-4d67-9970-39c061114ca9', '62a11f68-3a69-4d74-b7dd-6c9342517df7', '5c906d7e-f673-4cac-ac98-b66daf18a99d', 'subcategory', 'Category', 'select', true, true, false, 10, NULL),
('6788abc6-44f2-4b80-a3b3-1c0c895e93fe', '62a11f68-3a69-4d74-b7dd-6c9342517df7', '5c906d7e-f673-4cac-ac98-b66daf18a99d', 'model', 'Item Type', 'select', true, true, false, 20, NULL),
('99d3e6c4-0d03-4a6a-8c11-d503c67f9a74', '62a11f68-3a69-4d74-b7dd-6c9342517df7', '6b0dc7ff-f11c-4fcf-bc7a-bf3b1c5c34ba', 'condition', 'Condition', 'select', true, true, false, 30, '["Brand New","Refurbished","Used"]'::jsonb),
('9e6aa967-5764-4664-8158-7042380b11ab', '62a11f68-3a69-4d74-b7dd-6c9342517df7', '6b0dc7ff-f11c-4fcf-bc7a-bf3b1c5c34ba', 'brand', 'Brand', 'text', false, true, false, 40, NULL),
('ca5ec4f9-dfd7-44db-906d-1137445002f9', '62a11f68-3a69-4d74-b7dd-6c9342517df7', '6b0dc7ff-f11c-4fcf-bc7a-bf3b1c5c34ba', 'material', 'Material', 'select', false, true, false, 50, '["Wood","Metal","Plastic","Glass","Fabric / Upholstered","Leather","Rattan / Wicker","Ceramic","Stone","Other"]'::jsonb),
('76f22a61-754d-4953-ad02-c6a313d33350', '62a11f68-3a69-4d74-b7dd-6c9342517df7', '6b0dc7ff-f11c-4fcf-bc7a-bf3b1c5c34ba', 'color', 'Colour', 'select', false, true, false, 60, '["Black","White","Grey","Brown","Beige","Cream","Blue","Green","Red","Multi-color","Other"]'::jsonb),
('95acfb1f-29c3-4c3f-a166-e81ba80102d9', '62a11f68-3a69-4d74-b7dd-6c9342517df7', '0523991f-180e-49f9-8e17-bf01bc4cf367', 'width', 'Width (cm)', 'number', false, false, false, 70, NULL),
('7ca172ed-126c-496a-91e8-fd370411c939', '62a11f68-3a69-4d74-b7dd-6c9342517df7', '0523991f-180e-49f9-8e17-bf01bc4cf367', 'height', 'Height (cm)', 'number', false, false, false, 80, NULL),
('81730656-3722-4e44-be3e-22dc45d927c3', '62a11f68-3a69-4d74-b7dd-6c9342517df7', '0523991f-180e-49f9-8e17-bf01bc4cf367', 'length', 'Length / Depth (cm)', 'number', false, false, false, 90, NULL),
('02a54da1-6990-48d4-8f52-ef44226f9c47', '62a11f68-3a69-4d74-b7dd-6c9342517df7', '6b0dc7ff-f11c-4fcf-bc7a-bf3b1c5c34ba', 'assemblyRequired', 'Assembly Required', 'select', false, true, false, 100, '["Yes","No"]'::jsonb),
('cf78c8d1-addd-44ba-879f-6d328b7cf168', '62a11f68-3a69-4d74-b7dd-6c9342517df7', '0523991f-180e-49f9-8e17-bf01bc4cf367', 'mattressSize', 'Mattress Size', 'select', false, true, false, 110, '["Single","Double","Queen","King","Super King","Cot Size","Custom"]'::jsonb),
('9135e42a-36f3-4c41-ac52-3fc318d2fd50', '62a11f68-3a69-4d74-b7dd-6c9342517df7', '0523991f-180e-49f9-8e17-bf01bc4cf367', 'bedSize', 'Bed Size', 'select', false, true, false, 120, '["Single","Double","Queen","King","Super King","Bunk","Custom"]'::jsonb),
('4cdbf904-3db4-4038-94c3-c0b670481396', '62a11f68-3a69-4d74-b7dd-6c9342517df7', '515c50f0-007a-4de2-b4e8-0c1a9fde0fec', 'storageIncluded', 'Storage Included', 'select', false, true, false, 130, '["Yes","No"]'::jsonb),
('f1965a2a-204b-449a-9ffd-531c81761816', '62a11f68-3a69-4d74-b7dd-6c9342517df7', '515c50f0-007a-4de2-b4e8-0c1a9fde0fec', 'mattressIncluded', 'Mattress Included', 'select', false, true, false, 140, '["Yes","No"]'::jsonb),
('fac0d9d8-a104-4855-a429-8d7ea0af491a', '62a11f68-3a69-4d74-b7dd-6c9342517df7', 'aa36e849-7c60-4fc6-9b88-fa64b030db4f', 'capacity', 'Capacity (Liters / kg)', 'text', false, false, false, 150, NULL),
('ca428391-fe75-4255-92cf-dcbe6ee074cc', '62a11f68-3a69-4d74-b7dd-6c9342517df7', 'aa36e849-7c60-4fc6-9b88-fa64b030db4f', 'powerRating', 'Power Rating (Watts)', 'number', false, false, false, 160, NULL),
('d5242e21-dec9-4315-aa0d-e1d1235b2639', '62a11f68-3a69-4d74-b7dd-6c9342517df7', 'aa36e849-7c60-4fc6-9b88-fa64b030db4f', 'energyRating', 'Energy Rating', 'select', false, true, false, 170, '["A+++","A++","A+","A","B","C","D","E","F","G"]'::jsonb),
('a2e7f8d7-9583-4500-9a85-70d3bf897e7e', '62a11f68-3a69-4d74-b7dd-6c9342517df7', 'aa36e849-7c60-4fc6-9b88-fa64b030db4f', 'voltage', 'Voltage', 'select', false, false, false, 180, '["220-240V","110V","Dual Voltage","12V","24V","Other"]'::jsonb),
('abf47892-ccca-4191-9917-67978249c51b', '62a11f68-3a69-4d74-b7dd-6c9342517df7', '515c50f0-007a-4de2-b4e8-0c1a9fde0fec', 'warranty', 'Warranty', 'select', false, true, false, 190, '["No Warranty","1 Month","3 Months","6 Months","1 Year","2 Years","3+ Years"]'::jsonb),
('3eab4703-79ec-433b-baee-5ba744c76189', '62a11f68-3a69-4d74-b7dd-6c9342517df7', 'aa36e849-7c60-4fc6-9b88-fa64b030db4f', 'wattage', 'Wattage (W)', 'number', false, false, false, 200, NULL),
('3f7d1e23-4469-4d5b-a64c-36287a96a668', '62a11f68-3a69-4d74-b7dd-6c9342517df7', 'aa36e849-7c60-4fc6-9b88-fa64b030db4f', 'bulbType', 'Bulb Type', 'select', false, true, false, 210, '["LED","Incandescent","Halogen","Fluorescent","CFL","Smart Bulb","Other"]'::jsonb),
('be9efda7-7e29-4724-8ffd-28a886c56990', '62a11f68-3a69-4d74-b7dd-6c9342517df7', '6b0dc7ff-f11c-4fcf-bc7a-bf3b1c5c34ba', 'indoorOutdoor', 'Indoor / Outdoor', 'select', false, true, false, 220, '["Indoor","Outdoor","Both"]'::jsonb),
('c0746be9-9b5a-484e-9228-52d67c113d9f', '62a11f68-3a69-4d74-b7dd-6c9342517df7', '515c50f0-007a-4de2-b4e8-0c1a9fde0fec', 'smartCompatible', 'Smart Compatible', 'select', false, true, false, 230, '["Yes","No"]'::jsonb),
('3ae371e5-b5c4-4004-840b-1daac91f543a', '62a11f68-3a69-4d74-b7dd-6c9342517df7', 'aa36e849-7c60-4fc6-9b88-fa64b030db4f', 'manualElectric', 'Operation Mode', 'select', false, true, false, 240, '["Manual","Electric","Battery Powered","Solar Powered","Petrol/Diesel"]'::jsonb),
('ec00d9ef-606c-428c-899d-763e496d2fad', 'a3575f13-c239-4a10-86fd-10cf77beeb70', '23dfcce1-c332-4882-90ab-5f59a3bb84b8', 'category', 'Category', 'select', true, true, false, 10, NULL),
('decb2fef-c8cb-4ab4-9cf3-4f4d658af8ae', 'a3575f13-c239-4a10-86fd-10cf77beeb70', '23dfcce1-c332-4882-90ab-5f59a3bb84b8', 'subcategory', 'Item', 'select', true, true, false, 20, NULL),
('8de38337-85ff-40c5-a2f3-04b16c1e754a', 'a3575f13-c239-4a10-86fd-10cf77beeb70', '490a93b3-4948-40dc-a690-797fccd5d771', 'gender', 'Gender', 'select', true, true, false, 30, '["Men","Women","Unisex","Kids"]'::jsonb),
('f9c06651-3a58-4998-9d16-6338d6d041a8', 'a3575f13-c239-4a10-86fd-10cf77beeb70', '490a93b3-4948-40dc-a690-797fccd5d771', 'size', 'Size', 'select', false, true, false, 40, '["XS","S","M","L","XL","XXL","XXXL","Free Size","US 6","US 7","US 8","US 9","US 10","US 11","US 12"]'::jsonb),
('1210d584-77f2-465e-94f2-03fc61330fbc', 'a3575f13-c239-4a10-86fd-10cf77beeb70', '490a93b3-4948-40dc-a690-797fccd5d771', 'brand', 'Brand', 'text', false, true, false, 50, NULL),
('6815a5f5-3405-476a-87a5-1cf174fea72f', 'a3575f13-c239-4a10-86fd-10cf77beeb70', '490a93b3-4948-40dc-a690-797fccd5d771', 'color', 'Color', 'select', false, true, false, 60, '["Black","White","Grey","Brown","Beige","Navy","Blue","Red","Green","Yellow","Pink","Purple","Orange","Multi-color"]'::jsonb),
('a0b7891c-0d3d-4fbb-a61f-17af484c7a6f', 'b4e2f126-dd5d-488c-87d7-c7df43a1b178', '47c214fc-3552-4f17-9622-250ae6fa348e', 'category', 'Category', 'select', true, true, false, 10, NULL),
('648faa23-4f0f-456c-b62f-70edbebc0ffb', 'b4e2f126-dd5d-488c-87d7-c7df43a1b178', '47c214fc-3552-4f17-9622-250ae6fa348e', 'subcategory', 'Item', 'select', true, true, false, 20, NULL),
('bf7f1cd1-a95a-4ae1-8ecb-dfe19af59033', 'b4e2f126-dd5d-488c-87d7-c7df43a1b178', '41975728-4757-4fba-b012-e77fbba76299', 'brand', 'Brand', 'text', false, true, false, 30, NULL),
('976ef72b-08b2-40ac-80ec-ecd4b9a8b311', 'b4e2f126-dd5d-488c-87d7-c7df43a1b178', '41975728-4757-4fba-b012-e77fbba76299', 'targetGender', 'For', 'select', false, true, false, 40, '["Women","Men","Unisex"]'::jsonb),
('aacfd2ae-6664-42a8-b23e-51289c5b6b00', '1e02408b-4a5b-4278-88cc-3927b2af68b7', '64bd62a0-b94c-4b15-a0e8-d34043d040ad', 'category', 'Service Category', 'select', true, true, false, 10, NULL),
('790e836b-43eb-447f-86bb-9144f696d3a2', '1e02408b-4a5b-4278-88cc-3927b2af68b7', '64bd62a0-b94c-4b15-a0e8-d34043d040ad', 'subcategory', 'Service Type', 'select', true, true, false, 20, NULL),
('9f15fc53-a678-4748-955b-d95b43afd0a5', '1e02408b-4a5b-4278-88cc-3927b2af68b7', '64bd62a0-b94c-4b15-a0e8-d34043d040ad', 'serviceMode', 'Service Mode', 'select', false, true, false, 30, '["On-site","Remote / Online","Both"]'::jsonb),
('4f83ffd2-eda2-4ec7-bd0a-7332aa44cad9', '1e02408b-4a5b-4278-88cc-3927b2af68b7', '64bd62a0-b94c-4b15-a0e8-d34043d040ad', 'experience', 'Years of Experience', 'select', false, true, false, 40, '["Less than 1 Year","1-3 Years","3-5 Years","5-10 Years","10+ Years"]'::jsonb),
('c4137bfd-8096-40a9-af13-1d82a0b76bdd', 'ac60c9a9-6774-4612-9c55-3c1e5917470b', 'f465570d-2b8f-4b56-9b05-44b724d4325a', 'listingType', 'Listing Type', 'select', true, true, false, 10, '["spare-part","accessory"]'::jsonb),
('fcd63387-3320-4ca7-97e7-9e21916c2bc0', 'ac60c9a9-6774-4612-9c55-3c1e5917470b', 'f0f36658-ecee-457c-a2a0-f3cfc5d8168e', 'partCategory', 'Part Category', 'select', true, true, false, 20, NULL),
('af29f414-df45-4b77-bbfe-628786d71417', 'ac60c9a9-6774-4612-9c55-3c1e5917470b', 'f0f36658-ecee-457c-a2a0-f3cfc5d8168e', 'part', 'Spare Part', 'select', true, true, false, 30, NULL),
('d1d71ae1-8ced-4455-98ab-9ea32ac49c30', 'ac60c9a9-6774-4612-9c55-3c1e5917470b', 'f0f36658-ecee-457c-a2a0-f3cfc5d8168e', 'position', 'Position', 'select', false, false, false, 40, NULL),
('ae2fdba1-3ee5-4368-b261-f9b07f5087a1', 'ac60c9a9-6774-4612-9c55-3c1e5917470b', 'f0f36658-ecee-457c-a2a0-f3cfc5d8168e', 'oemNumber', 'OEM Part Number', 'text', false, true, false, 50, NULL),
('db52ac87-b413-4609-b66b-7b2b4a93a84b', 'ac60c9a9-6774-4612-9c55-3c1e5917470b', 'f0f36658-ecee-457c-a2a0-f3cfc5d8168e', 'accCategory', 'Accessory Group', 'select', true, true, false, 60, NULL),
('51cfedc8-7178-4043-b53c-f25e0b887786', 'ac60c9a9-6774-4612-9c55-3c1e5917470b', 'f0f36658-ecee-457c-a2a0-f3cfc5d8168e', 'accSubcategory', 'Accessory Category', 'select', true, true, false, 70, NULL),
('7a693163-6e25-417c-84c7-8c126f8a0b83', 'ac60c9a9-6774-4612-9c55-3c1e5917470b', 'f0f36658-ecee-457c-a2a0-f3cfc5d8168e', 'item', 'Accessory Item', 'select', true, true, false, 80, NULL),
('a28c8a24-b406-48da-8cd4-e890d07d2370', 'ac60c9a9-6774-4612-9c55-3c1e5917470b', '5fad6da8-a0a8-45e0-ae29-9523bdf93a13', 'compatibility', 'Compatibility', 'select', true, false, false, 90, '["UNIVERSAL","VEHICLE_CLASS","MAKE_SPECIFIC","MODEL_SPECIFIC"]'::jsonb),
('9bc2e471-d317-4379-8faa-c5f9a1978ff4', 'ac60c9a9-6774-4612-9c55-3c1e5917470b', '5fad6da8-a0a8-45e0-ae29-9523bdf93a13', 'vehicleClass', 'Vehicle Class', 'select', true, true, false, 100, '["Car","SUV","Pickup","Truck","Motorcycle","Van","Bus","Commercial"]'::jsonb),
('83478b88-7fea-4a04-89ce-79343bad0926', 'ac60c9a9-6774-4612-9c55-3c1e5917470b', '5fad6da8-a0a8-45e0-ae29-9523bdf93a13', 'make', 'Vehicle Make', 'select', true, true, false, 110, '["Alfa Romeo","Audi","BMW","Chevrolet","Chrysler","Citroën","Daihatsu","Dodge","Ferrari","Fiat","Ford","GAC","GMC","Great Wall","Honda","Hyundai","Infiniti","Isuzu","Jaguar","Jeep","Kia","Lamborghini","Land Rover","Lexus","Mahindra","Maserati","Mazda","Mercedes-Benz","Mini","Mitsubishi","Nissan","Peugeot","Porsche","Renault","Rolls-Royce","Rover","Saab","Ssangyong","Subaru","Suzuki","Toyota","Volkswagen","Volvo"]'::jsonb),
('2a4bf3ea-d15c-4190-ac9d-c3347a786540', 'ac60c9a9-6774-4612-9c55-3c1e5917470b', '5fad6da8-a0a8-45e0-ae29-9523bdf93a13', 'model', 'Vehicle Model', 'select', true, true, false, 120, NULL),
('f3bef89c-8a08-4329-a6c0-729b86db963c', 'ac60c9a9-6774-4612-9c55-3c1e5917470b', '5fad6da8-a0a8-45e0-ae29-9523bdf93a13', 'compatibleYear', 'Compatible Year', 'select', false, true, false, 130, '["2026","2025","2024","2023","2022","2021","2020","2019","2018","2017","2016","2015","2014","2013","2012","2011","2010","2009","2008","2007","2006","2005","2004","2003","2002","2001","2000","1999","1998","1997","1996","1995","1994","1993","1992","1991"]'::jsonb),
('bf10167d-b3a6-4eb9-b137-b3c2ab52a5f1', 'ac60c9a9-6774-4612-9c55-3c1e5917470b', '5fad6da8-a0a8-45e0-ae29-9523bdf93a13', 'generation', 'Generation / Chassis', 'text', false, false, false, 140, NULL),
('5a2e2587-0684-41bf-abe8-e2778c73d6e3', 'ac60c9a9-6774-4612-9c55-3c1e5917470b', '5fad6da8-a0a8-45e0-ae29-9523bdf93a13', 'engine', 'Engine Code', 'text', false, false, false, 150, NULL),
('516566d6-b835-4552-943c-346c962d69b9', 'ccd44ccd-474b-442b-bcb8-b4969dc11aad', '41a79a55-32b6-44d8-8405-7d75e59ec1a9', 'subcategory', 'Job Category', 'select', true, true, false, 10, NULL),
('4076d5cc-65f7-4bb3-8543-5c6eaaa3f37d', 'ccd44ccd-474b-442b-bcb8-b4969dc11aad', '41a79a55-32b6-44d8-8405-7d75e59ec1a9', 'employmentType', 'Employment Type', 'select', true, true, false, 20, '["Full Time","Part Time","Contract","Internship","Freelance","Remote"]'::jsonb),
('822888fc-1ba7-41f8-bfbe-5b469b906423', 'ccd44ccd-474b-442b-bcb8-b4969dc11aad', '41a79a55-32b6-44d8-8405-7d75e59ec1a9', 'workArrangement', 'Work Arrangement', 'select', true, true, false, 30, '["On-site","Remote","Hybrid"]'::jsonb),
('3a81e3e2-92ff-42f9-b9ba-619303e98bc7', 'ccd44ccd-474b-442b-bcb8-b4969dc11aad', '22353e81-d18d-4291-bf8f-c332f32b594b', 'experienceLevel', 'Experience Level', 'select', true, true, false, 40, '["Entry Level","1-3 Years","3-5 Years","5-10 Years","10+ Years"]'::jsonb),
('a7bbbbdb-92f5-42d9-9167-136b4cc0c5da', 'ccd44ccd-474b-442b-bcb8-b4969dc11aad', '22353e81-d18d-4291-bf8f-c332f32b594b', 'educationLevel', 'Education Level', 'select', true, true, false, 50, '["KCSE / O-Level","Certificate","Diploma","Bachelor''s Degree","Master''s Degree","PhD"]'::jsonb),
('8837e032-d59a-4659-9663-6dd082cf0b7c', 'ccd44ccd-474b-442b-bcb8-b4969dc11aad', '41a79a55-32b6-44d8-8405-7d75e59ec1a9', 'industry', 'Industry', 'select', true, true, false, 60, '["IT & Technology","Finance & Banking","Healthcare","Education","NGO","Hospitality","Transport & Logistics","Agriculture","Construction","Media & Marketing","Sales","Admin & HR","Legal","Government","Other"]'::jsonb),
('72055ca7-bdef-483a-96bf-80a570c3841b', 'ccd44ccd-474b-442b-bcb8-b4969dc11aad', '804dd4d2-81f1-493a-b3eb-05d9aa190517', 'salaryMin', 'Min Salary', 'number', false, true, false, 70, NULL),
('51748bd0-70d5-4d18-a078-846b2dec2c27', 'ccd44ccd-474b-442b-bcb8-b4969dc11aad', '804dd4d2-81f1-493a-b3eb-05d9aa190517', 'salaryMax', 'Max Salary', 'number', false, true, false, 80, NULL),
('b4e89cbd-5c44-4284-8734-13a681a7548b', '17caefdf-84f6-4356-8327-f9d580f7ba96', '1907157f-82fb-4e61-946c-94929cb92c00', 'subcategory', 'Profession / Field', 'select', true, true, false, 10, NULL),
('b4807c49-714c-4945-b388-84c378150040', '17caefdf-84f6-4356-8327-f9d580f7ba96', '1907157f-82fb-4e61-946c-94929cb92c00', 'employmentType', 'Employment Type Sought', 'select', true, true, false, 20, '["Full Time","Part Time","Contract","Internship","Freelance","Remote"]'::jsonb),
('ef5a077a-7920-4ef7-bc52-132c5f84c291', '17caefdf-84f6-4356-8327-f9d580f7ba96', '1907157f-82fb-4e61-946c-94929cb92c00', 'workArrangement', 'Preferred Work Arrangement', 'select', true, true, false, 30, '["On-site","Remote","Hybrid"]'::jsonb),
('f6efb553-23e1-4e89-a3bf-1d2645030252', '17caefdf-84f6-4356-8327-f9d580f7ba96', 'c106ca69-dab8-4753-b722-eb20d960e8f2', 'experienceLevel', 'Experience Level', 'select', true, true, false, 40, '["Entry Level","1-3 Years","3-5 Years","5-10 Years","10+ Years"]'::jsonb),
('da6cf6ae-4eeb-4135-9a0d-800b1508e285', '17caefdf-84f6-4356-8327-f9d580f7ba96', 'c106ca69-dab8-4753-b722-eb20d960e8f2', 'educationLevel', 'Highest Education Level', 'select', true, true, false, 50, '["KCSE / O-Level","Certificate","Diploma","Bachelor''s Degree","Master''s Degree","PhD"]'::jsonb),
('1c7acd06-131a-4f38-a31d-8a595eaea8da', '17caefdf-84f6-4356-8327-f9d580f7ba96', '1907157f-82fb-4e61-946c-94929cb92c00', 'industry', 'Industry', 'select', true, true, false, 60, '["IT & Technology","Finance & Banking","Healthcare & Medical","Education & Teaching","NGO & Development","Hospitality & Tourism","Transport & Logistics","Agriculture & Farming","Construction & Engineering","Media & Marketing","Sales & Business Development","Admin & HR","Legal & Compliance","Government & Public Sector","Manufacturing","Security & Safety","Retail & Wholesale","Domestic & Household","Other"]'::jsonb),
('3350690f-65dc-49f0-8457-66f21300b59b', '17caefdf-84f6-4356-8327-f9d580f7ba96', '1907157f-82fb-4e61-946c-94929cb92c00', 'availability', 'Availability', 'select', true, true, false, 70, '["Immediately","2 Weeks Notice","1 Month Notice","Negotiable"]'::jsonb),
('244aed03-3336-4a05-8d59-dea88fbc7d50', '17caefdf-84f6-4356-8327-f9d580f7ba96', '1907157f-82fb-4e61-946c-94929cb92c00', 'employmentStatus', 'Current Employment Status', 'select', true, false, false, 80, '["Employed","Unemployed","Self-employed","Student"]'::jsonb),
('1ee2683c-522d-45cf-9a02-be08b71325b7', '17caefdf-84f6-4356-8327-f9d580f7ba96', 'c106ca69-dab8-4753-b722-eb20d960e8f2', 'skills', 'Key Skills', 'text', false, true, false, 90, NULL),
('ac6ff330-84b6-4f1c-b06e-35f8aa683f06', '17caefdf-84f6-4356-8327-f9d580f7ba96', 'c106ca69-dab8-4753-b722-eb20d960e8f2', 'languages', 'Languages', 'select', false, true, false, 100, '["English","Swahili","French","Arabic","Somali","Kikuyu","Luo","Kamba","Luhya","Kalenjin","Other"]'::jsonb),
('d06835e8-3186-4009-9652-04f5c883105f', '17caefdf-84f6-4356-8327-f9d580f7ba96', 'c106ca69-dab8-4753-b722-eb20d960e8f2', 'salaryMin', 'Expected Min Salary (KES)', 'number', false, true, false, 110, NULL),
('362ce6b1-a953-40ff-b8af-1dd60008eaff', '17caefdf-84f6-4356-8327-f9d580f7ba96', 'c106ca69-dab8-4753-b722-eb20d960e8f2', 'salaryMax', 'Expected Max Salary (KES)', 'number', false, true, false, 120, NULL),
('6166c764-380e-4a95-906a-414196e4fa5d', '17caefdf-84f6-4356-8327-f9d580f7ba96', 'c106ca69-dab8-4753-b722-eb20d960e8f2', 'salaryPeriod', 'Salary Period', 'select', false, false, false, 130, '["Monthly","Annual"]'::jsonb)
ON CONFLICT DO NOTHING;

